Course ID,Subject,Facil ID 1
659,EDUC,CHS101
659,EDUC,CHS101
659,EDUC,CHS101
115,ANTH,CHS101
585,ANTH,CHS101
585,ANTH,CHS101
115,RELG,CHS101
585,ANTH,CHS101
659,EDUC,CHS101
585,ANTH,CHS101
585,ANTH,CHS101
115,ANTH,CHS101
659,EDUC,CHS101
659,EDUC,CHS101
585,ANTH,CHS101
115,ANTH,CHS101
585,ANTH,CHS101
115,ANTH,CHS101
585,ANTH,CHS101
585,ANTH,CHS101
115,RELG,CHS101
115,ANTH,CHS101
659,EDUC,CHS101
659,EDUC,CHS101
115,ANTH,CHS101
585,ANTH,CHS101
115,RELG,CHS101
659,EDUC,CHS101
659,EDUC,CHS101
585,ANTH,CHS101
115,ANTH,CHS101
115,ANTH,CHS101
487,ANTH,CHS101
606,EDUC,CHS101
115,ANTH,CHS101
115,ANTH,CHS101
115,RELG,CHS101
585,ANTH,CHS101
659,EDUC,CHS101
115,ANTH,CHS101
585,ANTH,CHS101
115,ANTH,CHS101
115,ANTH,CHS101
487,ANTH,CHS101
115,ANTH,CHS101
659,EDUC,CHS101
115,ANTH,CHS101
115,ANTH,CHS101
659,EDUC,CHS101
487,ANTH,CHS101
585,ANTH,CHS101
115,ANTH,CHS101
487,ANTH,CHS101
115,ANTH,CHS101
487,ANTH,CHS101
585,ANTH,CHS101
585,ANTH,CHS101
68,EDUC,CHS101
487,ANTH,CHS101
487,ANTH,CHS101
487,ANTH,CHS101
585,ANTH,CHS101
115,ANTH,CHS101
585,ANTH,CHS101
606,EDUC,CHS101
115,ANTH,CHS101
487,ANTH,CHS101
585,ANTH,CHS101
585,ANTH,CHS101
68,EDUC,CHS101
115,RELG,CHS101
115,ANTH,CHS101
115,RELG,CHS101
585,ANTH,CHS101
659,EDUC,CHS101
659,EDUC,CHS101
115,ANTH,CHS101
115,ANTH,CHS101
115,ANTH,CHS101
487,ANTH,CHS101
487,ANTH,CHS101
115,ANTH,CHS101
585,ANTH,CHS101
585,ANTH,CHS101
585,ANTH,CHS101
115,ANTH,CHS101
115,ANTH,CHS101
585,ANTH,CHS101
487,ANTH,CHS101
115,ANTH,CHS101
585,ANTH,CHS101
659,EDUC,CHS101
487,ANTH,CHS101
585,ANTH,CHS101
487,ANTH,CHS101
487,ANTH,CHS101
115,RELG,CHS101
659,EDUC,CHS101
585,ANTH,CHS101
487,ANTH,CHS101
659,EDUC,CHS101
487,ANTH,CHS101
115,ANTH,CHS101
115,ANTH,CHS101
115,ANTH,CHS101
659,EDUC,CHS101
68,EDUC,CHS101
659,EDUC,CHS101
659,EDUC,CHS101
115,ANTH,CHS101
115,ANTH,CHS101
487,ANTH,CHS101
115,ANTH,CHS101
659,EDUC,CHS101
115,RELG,CHS101
659,EDUC,CHS101
585,ANTH,CHS101
606,EDUC,CHS101
68,EDUC,CHS101
487,ANTH,CHS101
585,ANTH,CHS101
659,EDUC,CHS101
659,EDUC,CHS101
115,ANTH,CHS101
487,ANTH,CHS101
487,ANTH,CHS101
115,ANTH,CHS101
659,EDUC,CHS101
115,ANTH,CHS101
487,ANTH,CHS101
115,ANTH,CHS101
585,ANTH,CHS101
115,ANTH,CHS101
585,ANTH,CHS101
659,EDUC,CHS101
606,EDUC,CHS101
487,ANTH,CHS101
487,ANTH,CHS101
68,EDUC,CHS101
487,ANTH,CHS101
585,ANTH,CHS101
115,ANTH,CHS101
606,EDUC,CHS101
115,ANTH,CHS101
585,ANTH,CHS101
487,ANTH,CHS101
659,EDUC,CHS101
115,ANTH,CHS101
585,ANTH,CHS101
487,ANTH,CHS101
487,ANTH,CHS101
659,EDUC,CHS101
115,ANTH,CHS101
606,EDUC,CHS101
487,ANTH,CHS101
487,ANTH,CHS101
115,RELG,CHS101
606,EDUC,CHS101
115,ANTH,CHS101
585,ANTH,CHS101
487,ANTH,CHS101
115,RELG,CHS101
487,ANTH,CHS101
487,ANTH,CHS101
585,ANTH,CHS101
585,ANTH,CHS101
115,ANTH,CHS101
659,EDUC,CHS101
487,ANTH,CHS101
659,EDUC,CHS101
487,ANTH,CHS101
585,ANTH,CHS101
115,RELG,CHS101
585,ANTH,CHS101
115,ANTH,CHS101
606,EDUC,CHS101
585,ANTH,CHS101
115,ANTH,CHS101
115,ANTH,CHS101
115,ANTH,CHS101
487,ANTH,CHS101
115,ANTH,CHS101
585,ANTH,CHS101
606,EDUC,CHS101
585,ANTH,CHS101
606,EDUC,CHS101
115,ANTH,CHS101
659,EDUC,CHS101
659,EDUC,CHS101
487,ANTH,CHS101
115,ANTH,CHS101
487,ANTH,CHS101
585,ANTH,CHS101
115,RELG,CHS101
115,RELG,CHS101
487,ANTH,CHS101
115,ANTH,CHS101
487,ANTH,CHS101
487,ANTH,CHS101
585,ANTH,CHS101
487,ANTH,CHS101
487,ANTH,CHS101
487,ANTH,CHS101
115,ANTH,CHS101
115,ANTH,CHS101
585,ANTH,CHS101
15,ECON,CHS104
15,ECON,CHS104
15,ECON,CHS104
15,ECON,CHS104
15,ECON,CHS104
15,ECON,CHS104
15,ECON,CHS104
15,ECON,CHS104
15,ECON,CHS104
15,ECON,CHS104
15,ECON,CHS104
15,ECON,CHS104
15,ECON,CHS104
15,ECON,CHS104
15,ECON,CHS104
15,ECON,CHS104
15,ECON,CHS104
15,ECON,CHS104
15,ECON,CHS104
15,ECON,CHS104
15,ECON,CHS104
15,ECON,CHS104
15,ECON,CHS104
15,ECON,CHS104
15,ECON,CHS104
15,ECON,CHS104
15,ECON,CHS104
15,ECON,CHS104
7,PHYS,CHSAUD
7,PHYS,CHSAUD
466,RELG,CHSAUD
7,PHYS,CHSAUD
7,PHYS,CHSAUD
7,PHYS,CHSAUD
7,PHYS,CHSAUD
7,PHYS,CHSAUD
7,PHYS,CHSAUD
7,PHYS,CHSAUD
466,HIST,CHSAUD
7,PHYS,CHSAUD
7,PHYS,CHSAUD
466,RELG,CHSAUD
7,PHYS,CHSAUD
7,PHYS,CHSAUD
7,PHYS,CHSAUD
7,PHYS,CHSAUD
7,PHYS,CHSAUD
466,HIST,CHSAUD
7,PHYS,CHSAUD
7,PHYS,CHSAUD
7,PHYS,CHSAUD
466,HIST,CHSAUD
466,HIST,CHSAUD
7,PHYS,CHSAUD
7,PHYS,CHSAUD
7,PHYS,CHSAUD
7,PHYS,CHSAUD
7,PHYS,CHSAUD
7,PHYS,CHSAUD
466,HIST,CHSAUD
466,HIST,CHSAUD
7,PHYS,CHSAUD
7,PHYS,CHSAUD
466,HIST,CHSAUD
7,PHYS,CHSAUD
466,RELG,CHSAUD
466,RELG,CHSAUD
7,PHYS,CHSAUD
7,PHYS,CHSAUD
7,PHYS,CHSAUD
7,PHYS,CHSAUD
466,HIST,CHSAUD
466,HIST,CHSAUD
7,PHYS,CHSAUD
466,HIST,CHSAUD
7,PHYS,CHSAUD
7,PHYS,CHSAUD
466,HIST,CHSAUD
7,PHYS,CHSAUD
466,HIST,CHSAUD
466,HIST,CHSAUD
7,PHYS,CHSAUD
7,PHYS,CHSAUD
466,RELG,CHSAUD
7,PHYS,CHSAUD
466,HIST,CHSAUD
7,PHYS,CHSAUD
7,PHYS,CHSAUD
7,PHYS,CHSAUD
7,PHYS,CHSAUD
7,PHYS,CHSAUD
7,PHYS,CHSAUD
466,RELG,CHSAUD
7,PHYS,CHSAUD
466,HIST,CHSAUD
7,PHYS,CHSAUD
7,PHYS,CHSAUD
7,PHYS,CHSAUD
7,PHYS,CHSAUD
7,PHYS,CHSAUD
7,PHYS,CHSAUD
7,PHYS,CHSAUD
7,PHYS,CHSAUD
466,RELG,CHSAUD
7,PHYS,CHSAUD
466,RELG,CHSAUD
7,PHYS,CHSAUD
7,PHYS,CHSAUD
7,PHYS,CHSAUD
7,PHYS,CHSAUD
466,RELG,CHSAUD
7,PHYS,CHSAUD
7,PHYS,CHSAUD
7,PHYS,CHSAUD
7,PHYS,CHSAUD
7,PHYS,CHSAUD
7,PHYS,CHSAUD
466,HIST,CHSAUD
7,PHYS,CHSAUD
466,HIST,CHSAUD
7,PHYS,CHSAUD
466,RELG,CHSAUD
7,PHYS,CHSAUD
7,PHYS,CHSAUD
7,PHYS,CHSAUD
466,RELG,CHSAUD
7,PHYS,CHSAUD
466,HIST,CHSAUD
7,PHYS,CHSAUD
466,HIST,CHSAUD
7,PHYS,CHSAUD
466,RELG,CHSAUD
7,PHYS,CHSAUD
7,PHYS,CHSAUD
7,PHYS,CHSAUD
7,PHYS,CHSAUD
7,PHYS,CHSAUD
7,PHYS,CHSAUD
7,PHYS,CHSAUD
7,PHYS,CHSAUD
7,PHYS,CHSAUD
476,WRPR,ESTW115
502,ECON,ESTW115
442,HIST,ESTW115
89,CHEM,ESTW115
89,CHEM,ESTW115
476,WRPR,ESTW115
89,CHEM,ESTW115
476,WRPR,ESTW115
502,ECON,ESTW115
26,WRPR,ESTW115
442,HIST,ESTW115
26,WRPR,ESTW115
581,WRPR,ESTW115
26,WRPR,ESTW115
476,WRPR,ESTW115
442,HIST,ESTW115
442,HIST,ESTW115
476,WRPR,ESTW115
26,WRPR,ESTW115
502,ECON,ESTW115
502,ECON,ESTW115
581,WRPR,ESTW115
442,HIST,ESTW115
26,WRPR,ESTW115
26,WRPR,ESTW115
581,WRPR,ESTW115
476,WRPR,ESTW115
502,ECON,ESTW115
442,HIST,ESTW115
89,CHEM,ESTW115
26,WRPR,ESTW115
442,HIST,ESTW115
581,WRPR,ESTW115
26,WRPR,ESTW115
89,CHEM,ESTW115
476,WRPR,ESTW115
581,WRPR,ESTW115
581,WRPR,ESTW115
26,WRPR,ESTW115
476,WRPR,ESTW115
476,WRPR,ESTW115
502,ECON,ESTW115
476,WRPR,ESTW115
581,WRPR,ESTW115
26,WRPR,ESTW115
26,WRPR,ESTW115
442,HIST,ESTW115
442,HIST,ESTW115
89,CHEM,ESTW115
502,ECON,ESTW115
89,CHEM,ESTW115
442,HIST,ESTW115
26,WRPR,ESTW115
26,WRPR,ESTW115
476,WRPR,ESTW115
476,WRPR,ESTW115
476,WRPR,ESTW115
581,WRPR,ESTW115
476,WRPR,ESTW115
737,CHEM,ESTW307
737,CHEM,ESTW307
737,CHEM,ESTW307
737,CHEM,ESTW307
737,CHEM,ESTW307
737,CHEM,ESTW307
737,CHEM,ESTW307
737,CHEM,ESTW307
737,CHEM,ESTW307
737,CHEM,ESTW307
737,CHEM,ESTW307
737,CHEM,ESTW307
737,CHEM,ESTW307
737,CHEM,ESTW307
737,CHEM,ESTW307
737,CHEM,ESTW307
737,CHEM,ESTW307
737,CHEM,ESTW307
737,CHEM,ESTW307
737,CHEM,ESTW307
737,CHEM,ESTW307
737,CHEM,ESTW307
737,CHEM,ESTW307
737,CHEM,ESTW307
737,CHEM,ESTW307
737,CHEM,ESTW307
737,CHEM,ESTW307
737,CHEM,ESTW307
737,CHEM,ESTW307
737,CHEM,ESTW307
737,CHEM,ESTW307
737,CHEM,ESTW307
737,CHEM,ESTW307
737,CHEM,ESTW307
737,CHEM,ESTW307
737,CHEM,ESTW307
737,CHEM,ESTW307
737,CHEM,ESTW307
737,CHEM,ESTW307
737,CHEM,ESTW307
737,CHEM,ESTW307
737,CHEM,ESTW307
737,CHEM,ESTW307
737,CHEM,ESTW307
737,CHEM,ESTW307
737,CHEM,ESTW307
737,CHEM,ESTW307
737,CHEM,ESTW307
737,CHEM,ESTW307
737,CHEM,ESTW307
737,CHEM,ESTW307
737,CHEM,ESTW307
737,CHEM,ESTW307
737,CHEM,ESTW307
737,CHEM,ESTW307
737,CHEM,ESTW307
737,CHEM,ESTW307
737,CHEM,ESTW307
737,CHEM,ESTW307
737,CHEM,ESTW307
737,CHEM,ESTW307
737,CHEM,ESTW307
737,CHEM,ESTW307
737,CHEM,ESTW307
737,CHEM,ESTW307
737,CHEM,ESTW307
737,CHEM,ESTW307
737,CHEM,ESTW307
709,PHYS,ESTW309
709,PHYS,ESTW309
709,PHYS,ESTW309
709,PHYS,ESTW309
547,CHEM,ESTW309
655,BIOL,ESTW309
709,PHYS,ESTW309
709,PHYS,ESTW309
611,MATH,ESTW309
547,CHEM,ESTW309
709,PHYS,ESTW309
118,ENGL,ESTW309
118,ENGL,ESTW309
709,PHYS,ESTW309
709,PHYS,ESTW309
655,BIOL,ESTW309
709,PHYS,ESTW309
709,PHYS,ESTW309
611,MATH,ESTW309
709,PHYS,ESTW309
547,CHEM,ESTW309
709,PHYS,ESTW309
655,BIOL,ESTW309
709,PHYS,ESTW309
611,MATH,ESTW309
611,MATH,ESTW309
709,PHYS,ESTW309
709,PHYS,ESTW309
547,CHEM,ESTW309
547,CHEM,ESTW309
709,PHYS,ESTW309
547,CHEM,ESTW309
709,PHYS,ESTW309
709,PHYS,ESTW309
709,PHYS,ESTW309
709,PHYS,ESTW309
709,PHYS,ESTW309
547,CHEM,ESTW309
709,PHYS,ESTW309
655,BIOL,ESTW309
655,BIOL,ESTW309
118,ENGL,ESTW309
611,MATH,ESTW309
655,BIOL,ESTW309
611,MATH,ESTW309
611,MATH,ESTW309
655,BIOL,ESTW309
709,PHYS,ESTW309
118,ENGL,ESTW309
547,CHEM,ESTW309
118,ENGL,ESTW309
547,CHEM,ESTW309
611,MATH,ESTW309
709,PHYS,ESTW309
709,PHYS,ESTW309
118,ENGL,ESTW309
547,CHEM,ESTW309
655,BIOL,ESTW309
709,PHYS,ESTW309
547,CHEM,ESTW309
547,CHEM,ESTW309
709,PHYS,ESTW309
709,PHYS,ESTW309
611,MATH,ESTW309
709,PHYS,ESTW309
709,PHYS,ESTW309
709,PHYS,ESTW309
547,CHEM,ESTW309
547,CHEM,ESTW309
547,CHEM,ESTW309
611,MATH,ESTW309
118,ENGL,ESTW309
709,PHYS,ESTW309
709,PHYS,ESTW309
709,PHYS,ESTW309
655,BIOL,ESTW309
611,MATH,ESTW309
547,CHEM,ESTW309
709,PHYS,ESTW309
709,PHYS,ESTW309
118,ENGL,ESTW309
547,CHEM,ESTW309
118,ENGL,ESTW309
709,PHYS,ESTW309
709,PHYS,ESTW309
547,CHEM,ESTW309
709,PHYS,ESTW309
709,PHYS,ESTW309
118,ENGL,ESTW309
709,PHYS,ESTW309
118,ENGL,ESTW309
709,PHYS,ESTW309
709,PHYS,ESTW309
655,BIOL,ESTW309
709,PHYS,ESTW309
547,CHEM,ESTW309
709,PHYS,ESTW309
709,PHYS,ESTW309
611,MATH,ESTW309
655,BIOL,ESTW309
655,BIOL,ESTW309
547,CHEM,ESTW309
709,PHYS,ESTW309
709,PHYS,ESTW309
709,PHYS,ESTW309
709,PHYS,ESTW309
144,ARTT,GIACSWAN
144,ARTT,GIACSWAN
144,ARTT,GIACSWAN
144,ARTT,GIACSWAN
144,ARTT,GIACSWAN
144,ARTT,GIACSWAN
144,ARTT,GIACSWAN
144,ARTT,GIACSWAN
144,ARTT,GIACSWAN
144,ARTT,GIACSWAN
144,ARTT,GIACSWAN
144,ARTT,GIACSWAN
144,ARTT,GIACSWAN
144,ARTT,GIACSWAN
144,ARTT,GIACSWAN
144,ARTT,GIACSWAN
144,ARTT,GIACSWAN
144,ARTT,GIACSWAN
144,ARTT,GIACSWAN
144,ARTT,GIACSWAN
144,ARTT,GIACSWAN
549,PHIL,GST101
549,PHIL,GST101
549,PHIL,GST101
549,PHIL,GST101
363,PHIL,GST101
363,PHIL,GST101
363,PHIL,GST101
549,PHIL,GST101
549,PHIL,GST101
549,PHIL,GST101
377,RELG,GST101
352,RELG,GST101
549,PHIL,GST101
377,RELG,GST101
363,PHIL,GST101
363,PHIL,GST101
377,RELG,GST101
734,ANTH,GST101
549,PHIL,GST101
363,PHIL,GST101
665,RELG,GST101
549,PHIL,GST101
549,PHIL,GST101
665,RELG,GST101
549,PHIL,GST101
665,RELG,GST101
545,ENGL,GST101
352,RELG,GST101
352,RELG,GST101
363,PHIL,GST101
549,PHIL,GST101
352,RELG,GST101
377,RELG,GST101
734,ANTH,GST101
352,RELG,GST101
352,RELG,GST101
352,RELG,GST101
549,PHIL,GST101
665,RELG,GST101
549,PHIL,GST101
549,PHIL,GST101
549,PHIL,GST101
549,PHIL,GST101
214,PHIL,GST101
363,PHIL,GST101
549,PHIL,GST101
549,PHIL,GST101
352,RELG,GST101
665,RELG,GST101
352,RELG,GST101
363,PHIL,GST101
352,RELG,GST101
549,PHIL,GST101
363,PHIL,GST101
549,PHIL,GST101
549,PHIL,GST101
665,RELG,GST101
549,PHIL,GST101
545,COML,GST101
363,PHIL,GST101
363,PHIL,GST101
363,PHIL,GST101
545,ENGL,GST101
665,RELG,GST101
665,RELG,GST101
352,RELG,GST101
545,ENGL,GST101
549,PHIL,GST101
549,PHIL,GST101
545,ENGL,GST101
549,PHIL,GST101
214,PHIL,GST101
549,PHIL,GST101
545,ENGL,GST101
363,PHIL,GST101
363,PHIL,GST101
352,RELG,GST101
352,RELG,GST101
377,RELG,GST101
363,PHIL,GST101
665,RELG,GST101
363,PHIL,GST101
352,RELG,GST101
549,PHIL,GST101
549,PHIL,GST101
665,RELG,GST101
352,RELG,GST101
352,RELG,GST101
377,RELG,GST101
549,PHIL,GST101
665,RELG,GST101
352,RELG,GST101
665,RELG,GST101
545,ENGL,GST101
363,PHIL,GST101
363,PHIL,GST101
665,RELG,GST101
352,RELG,GST101
377,RELG,GST101
363,PHIL,GST101
549,PHIL,GST101
549,PHIL,GST101
363,PHIL,GST101
549,PHIL,GST101
545,ENGL,GST101
363,PHIL,GST101
352,RELG,GST101
363,PHIL,GST101
352,RELG,GST101
665,RELG,GST101
377,RELG,GST101
363,PHIL,GST101
214,PHIL,GST101
352,RELG,GST101
377,RELG,GST101
549,PHIL,GST101
549,PHIL,GST101
549,PHIL,GST101
352,RELG,GST101
377,RELG,GST101
549,PHIL,GST101
549,PHIL,GST101
363,PHIL,GST101
665,RELG,GST101
665,RELG,GST101
549,PHIL,GST101
377,RELG,GST101
363,PHIL,GST101
549,PHIL,GST101
549,PHIL,GST101
214,PHIL,GST101
665,RELG,GST101
323,GERM,GST102
323,GERM,GST102
240,FREN,GST102
580,RELG,GST102
323,GERM,GST102
323,GERM,GST102
36,RELG,GST102
323,GERM,GST102
580,RELG,GST102
482,GERM,GST102
240,COML,GST102
177,RELG,GST102
228,PHIL,GST102
228,PHIL,GST102
290,PHIL,GST102
312,PHIL,GST102
240,FREN,GST102
312,PHIL,GST102
228,PHIL,GST102
228,PHIL,GST102
290,PEAC,GST102
228,PHIL,GST102
323,GERM,GST102
323,GERM,GST102
240,FREN,GST102
312,PHIL,GST102
580,RELG,GST102
323,GERM,GST102
290,PHIL,GST102
312,PHIL,GST102
81,GERM,GST102
102,HIST,GST102
290,PEAC,GST102
323,GERM,GST102
228,PHIL,GST102
228,PHIL,GST102
228,PHIL,GST102
290,PEAC,GST102
290,PEAC,GST102
290,PHIL,GST102
177,RELG,GST102
580,RELG,GST102
323,GERM,GST102
323,GERM,GST102
290,PHIL,GST102
240,FREN,GST102
177,RELG,GST102
102,HIST,GST102
312,PHIL,GST102
323,GERM,GST102
290,PHIL,GST102
228,PHIL,GST102
81,GERM,GST102
312,PHIL,GST102
36,RELG,GST102
580,RELG,GST102
323,GERM,GST102
312,PHIL,GST102
81,GERM,GST102
290,PEAC,GST102
177,RELG,GST102
228,PHIL,GST102
290,PEAC,GST102
580,RELG,GST102
323,GERM,GST102
36,RELG,GST102
580,RELG,GST102
102,HIST,GST102
290,PHIL,GST102
240,FREN,GST102
290,PHIL,GST102
312,PHIL,GST102
290,PHIL,GST102
81,GERM,GST102
277,RELG,GST103
437,ANTH,GST103
627,ANTH,GST103
134,ENVS,GST103
495,SPAN,GST103
495,SPAN,GST103
134,ENVS,GST103
324,PHIL,GST103
223,SOCL,GST103
134,ANTH,GST103
136,ANTH,GST103
437,ANTH,GST103
627,ANTH,GST103
437,ANTH,GST103
134,ANTH,GST103
495,SPAN,GST103
627,ANTH,GST103
324,PHIL,GST103
223,SOCL,GST103
627,ANTH,GST103
134,ENVS,GST103
277,PHIL,GST103
437,ANTH,GST103
277,RELG,GST103
495,SPAN,GST103
495,SPAN,GST103
437,ANTH,GST103
554,HIST,GST103
277,RELG,GST103
495,SPAN,GST103
437,ANTH,GST103
627,ANTH,GST103
134,ANTH,GST103
627,ANTH,GST103
277,RELG,GST103
627,ANTH,GST103
134,ANTH,GST103
437,ANTH,GST103
134,ENVS,GST103
134,ENVS,GST103
223,SOCL,GST103
554,HIST,GST103
277,RELG,GST103
437,ANTH,GST103
134,ENVS,GST103
134,ANTH,GST103
134,ANTH,GST103
277,PHIL,GST103
134,ANTH,GST103
627,ANTH,GST103
437,ANTH,GST103
134,ENVS,GST103
136,ANTH,GST103
437,ANTH,GST103
134,ANTH,GST103
134,ENVS,GST103
627,ANTH,GST103
437,ANTH,GST103
134,ANTH,GST103
136,ANTH,GST103
134,ENVS,GST103
277,RELG,GST103
134,ENVS,GST103
495,SPAN,GST103
134,ENVS,GST103
324,PHIL,GST103
134,ANTH,GST103
437,ANTH,GST103
134,ANTH,GST103
134,ANTH,GST103
223,SOCL,GST103
324,PHIL,GST103
136,ANTH,GST103
134,ANTH,GST103
134,ANTH,GST103
134,ANTH,GST103
277,RELG,GST103
437,ANTH,GST103
277,RELG,GST103
223,SOCL,GST103
277,PHIL,GST103
134,ANTH,GST103
134,ANTH,GST103
134,ENVS,GST103
437,ANTH,GST103
554,HIST,GST103
686,PHIL,HLL106
686,PHIL,HLL106
121,WRPR,HLL106
704,WRPR,HLL106
121,WRPR,HLL106
395,PHIL,HLL106
454,ENGL,HLL106
686,PHIL,HLL106
454,ENGL,HLL106
327,RELG,HLL106
121,WRPR,HLL106
311,PHIL,HLL106
311,PHIL,HLL106
311,PHIL,HLL106
311,PHIL,HLL106
121,WRPR,HLL106
395,PHIL,HLL106
704,WRPR,HLL106
327,RELG,HLL106
686,PHIL,HLL106
311,PHIL,HLL106
327,RELG,HLL106
704,WRPR,HLL106
121,WRPR,HLL106
121,WRPR,HLL106
311,PHIL,HLL106
311,PHIL,HLL106
327,RELG,HLL106
454,ENGL,HLL106
686,PHIL,HLL106
395,PHIL,HLL106
454,ENGL,HLL106
311,PHIL,HLL106
311,PHIL,HLL106
395,PHIL,HLL106
704,WRPR,HLL106
454,ENGL,HLL106
686,PHIL,HLL106
311,PHIL,HLL106
704,WRPR,HLL106
395,PHIL,HLL106
704,WRPR,HLL106
704,WRPR,HLL106
395,PHIL,HLL106
121,WRPR,HLL106
327,RELG,HLL106
704,WRPR,HLL106
311,PHIL,HLL106
311,PHIL,HLL106
121,WRPR,HLL106
395,PHIL,HLL106
327,RELG,HLL106
121,WRPR,HLL106
686,PHIL,HLL106
454,ENGL,HLL106
121,WRPR,HLL106
704,WRPR,HLL106
454,ENGL,HLL106
327,RELG,HLL106
311,PHIL,HLL106
311,PHIL,HLL106
327,RELG,HLL106
704,WRPR,HLL106
327,RELG,HLL106
327,RELG,HLL106
454,ENGL,HLL106
454,ENGL,HLL106
327,RELG,HLL106
311,PHIL,HLL106
121,WRPR,HLL106
704,WRPR,HLL106
327,RELG,HLL106
311,PHIL,HLL106
454,ENGL,HLL106
395,PHIL,HLL106
686,PHIL,HLL106
311,PHIL,HLL106
327,RELG,HLL106
327,RELG,HLL106
311,PHIL,HLL106
327,RELG,HLL106
311,PHIL,HLL106
454,ENGL,HLL106
311,PHIL,HLL106
454,ENGL,HLL106
121,WRPR,HLL106
311,PHIL,HLL106
686,PHIL,HLL106
311,PHIL,HLL106
327,RELG,HLL106
454,ENGL,HLL106
454,ENGL,HLL106
327,RELG,HLL106
327,RELG,HLL106
686,PHIL,HLL106
395,PHIL,HLL106
395,PHIL,HLL106
686,PHIL,HLL106
704,ENGL,HLL106
704,WRPR,HLL106
295,POLS,HLL107
33,HIST,HLL107
370,ENGL,HLL107
180,GREK,HLL107
199,HIST,HLL107
295,POLS,HLL107
717,RELG,HLL107
33,HIST,HLL107
180,GREK,HLL107
370,ENGL,HLL107
58,POLS,HLL107
33,HIST,HLL107
58,POLS,HLL107
440,ENGL,HLL107
295,POLS,HLL107
370,ENGL,HLL107
717,RELG,HLL107
295,POLS,HLL107
33,HIST,HLL107
33,HIST,HLL107
543,HIST,HLL107
370,ENGL,HLL107
58,POLS,HLL107
295,POLS,HLL107
33,HIST,HLL107
199,HIST,HLL107
199,HIST,HLL107
58,POLS,HLL107
370,ENGL,HLL107
19,ANTH,HLL107
370,ENGL,HLL107
199,HIST,HLL107
58,POLS,HLL107
717,RELG,HLL107
440,ENGL,HLL107
199,HIST,HLL107
440,ENGL,HLL107
370,ENGL,HLL107
717,RELG,HLL107
370,ENGL,HLL107
295,POLS,HLL107
440,ENGL,HLL107
295,POLS,HLL107
58,POLS,HLL107
717,RELG,HLL107
440,COML,HLL107
33,HIST,HLL107
370,ENGL,HLL107
19,ANTH,HLL107
19,ANTH,HLL107
370,ENGL,HLL107
295,POLS,HLL107
717,RELG,HLL107
295,POLS,HLL107
19,ANTH,HLL107
717,RELG,HLL107
33,HIST,HLL107
717,RELG,HLL107
370,ENGL,HLL107
33,HIST,HLL107
717,RELG,HLL107
33,HIST,HLL107
58,POLS,HLL107
19,ANTH,HLL107
440,ENGL,HLL107
295,POLS,HLL107
295,POLS,HLL107
33,HIST,HLL107
717,RELG,HLL107
33,HIST,HLL107
58,POLS,HLL107
440,ENGL,HLL107
370,ENGL,HLL107
295,POLS,HLL107
370,ENGL,HLL107
370,ENGL,HLL107
717,RELG,HLL107
440,ENGL,HLL107
440,COML,HLL107
440,ENGL,HLL107
370,ENGL,HLL107
295,POLS,HLL107
370,ENGL,HLL107
33,HIST,HLL107
295,POLS,HLL107
717,RELG,HLL107
295,POLS,HLL107
58,POLS,HLL107
19,ANTH,HLL107
33,HIST,HLL107
33,HIST,HLL107
295,POLS,HLL107
33,HIST,HLL107
717,RELG,HLL107
199,HIST,HLL107
58,POLS,HLL107
19,ANTH,HLL107
295,POLS,HLL107
33,HIST,HLL107
370,ENGL,HLL107
717,RELG,HLL107
19,ANTH,HLL107
19,ANTH,HLL107
295,POLS,HLL107
295,POLS,HLL107
295,POLS,HLL107
58,POLS,HLL107
717,RELG,HLL107
19,ANTH,HLL107
33,HIST,HLL107
295,POLS,HLL107
180,GREK,HLL107
58,POLS,HLL107
19,ANTH,HLL107
370,ENGL,HLL107
33,HIST,HLL107
370,ENGL,HLL107
295,POLS,HLL107
370,ENGL,HLL107
717,RELG,HLL107
295,POLS,HLL107
58,POLS,HLL107
58,POLS,HLL107
58,POLS,HLL107
199,HIST,HLL107
295,POLS,HLL107
180,GREK,HLL107
370,ENGL,HLL107
19,ANTH,HLL107
370,ENGL,HLL107
180,GREK,HLL107
295,POLS,HLL107
717,RELG,HLL107
33,HIST,HLL107
295,POLS,HLL107
440,ENGL,HLL107
199,HIST,HLL107
19,ANTH,HLL107
295,POLS,HLL107
370,ENGL,HLL107
58,POLS,HLL107
295,POLS,HLL107
33,HIST,HLL107
717,RELG,HLL107
33,HIST,HLL107
295,POLS,HLL107
180,GREK,HLL107
440,ENGL,HLL107
19,ANTH,HLL107
717,RELG,HLL107
19,ANTH,HLL107
543,HIST,HLL107
58,POLS,HLL107
295,POLS,HLL107
370,ENGL,HLL107
295,POLS,HLL107
58,POLS,HLL107
440,ENGL,HLL107
370,ENGL,HLL107
199,HIST,HLL107
19,ANTH,HLL107
199,HIST,HLL107
295,POLS,HLL107
295,POLS,HLL107
370,ENGL,HLL107
19,ANTH,HLL107
19,ANTH,HLL107
58,POLS,HLL107
295,POLS,HLL107
19,ANTH,HLL107
295,POLS,HLL107
58,POLS,HLL107
440,ENGL,HLL107
370,ENGL,HLL107
370,ENGL,HLL107
33,HIST,HLL107
33,HIST,HLL107
295,POLS,HLL107
717,RELG,HLL107
370,ENGL,HLL107
19,ANTH,HLL107
58,POLS,HLL107
717,RELG,HLL107
717,RELG,HLL107
19,ANTH,HLL107
19,ANTH,HLL107
58,POLS,HLL107
19,ANTH,HLL107
58,POLS,HLL107
19,ANTH,HLL107
440,ENGL,HLL107
58,POLS,HLL107
33,HIST,HLL107
543,HIST,HLL107
370,ENGL,HLL107
370,ENGL,HLL107
295,POLS,HLL107
370,ENGL,HLL107
717,RELG,HLL107
370,ENGL,HLL107
440,ENGL,HLL107
199,HIST,HLL107
33,HIST,HLL107
295,POLS,HLL107
717,RELG,HLL107
58,POLS,HLL107
325,LATN,HLL112
39,HIST,HLL112
360,ENGL,HLL112
235,POLS,HLL112
235,POLS,HLL112
39,HIST,HLL112
360,ENGL,HLL112
360,ENGL,HLL112
438,RELG,HLL112
438,RELG,HLL112
236,LATN,HLL112
236,LATN,HLL112
438,RELG,HLL112
360,ENGL,HLL112
360,ENGL,HLL112
325,LATN,HLL112
27,ANTH,HLL112
132,CSTS,HLL112
27,ANTH,HLL112
360,ENGL,HLL112
360,ENGL,HLL112
360,ENGL,HLL112
132,COML,HLL112
533,COML,HLL112
236,LATN,HLL112
360,ENGL,HLL112
360,ENGL,HLL112
236,LATN,HLL112
360,ENGL,HLL112
39,HIST,HLL112
132,CSTS,HLL112
235,POLS,HLL112
360,ENGL,HLL112
39,HIST,HLL112
132,CSTS,HLL112
325,LATN,HLL112
360,ENGL,HLL112
533,COML,HLL112
236,LATN,HLL112
132,COML,HLL112
235,POLS,HLL112
132,CSTS,HLL112
236,LATN,HLL112
39,HIST,HLL112
360,ENGL,HLL112
325,LATN,HLL112
236,LATN,HLL112
235,POLS,HLL112
360,ENGL,HLL112
39,HIST,HLL112
39,HIST,HLL112
325,LATN,HLL112
132,COML,HLL112
132,CSTS,HLL112
236,LATN,HLL112
39,HIST,HLL112
360,ENGL,HLL112
236,LATN,HLL112
39,HIST,HLL112
360,ENGL,HLL112
27,ANTH,HLL112
27,COML,HLL112
132,COML,HLL112
236,LATN,HLL112
132,CSTS,HLL112
360,ENGL,HLL112
235,POLS,HLL112
132,CSTS,HLL112
236,LATN,HLL112
27,ANTH,HLL112
236,LATN,HLL112
236,LATN,HLL112
325,LATN,HLL112
132,COML,HLL112
360,ENGL,HLL112
236,LATN,HLL112
325,LATN,HLL112
39,HIST,HLL112
360,ENGL,HLL112
132,COML,HLL112
132,CSTS,HLL112
235,POLS,HLL112
132,COML,HLL112
27,ANTH,HLL112
236,LATN,HLL112
236,LATN,HLL112
39,HIST,HLL112
27,ANTH,HLL112
360,ENGL,HLL112
235,POLS,HLL112
235,POLS,HLL112
235,POLS,HLL112
438,RELG,HLL112
132,COML,HLL112
39,HIST,HLL112
39,HIST,HLL112
27,ANTH,HLL112
236,LATN,HLL112
533,COML,HLL112
39,HIST,HLL112
27,ANTH,HLL112
132,CSTS,HLL112
27,ANTH,HLL112
309,HIST,HLL201
309,HIST,HLL201
309,HIST,HLL201
704,WRPR,HLL201
457,WRPR,HLL201
309,HIST,HLL201
454,ENGL,HLL201
454,ENGL,HLL201
454,ENGL,HLL201
127,WRPR,HLL201
309,HIST,HLL201
309,HIST,HLL201
454,ENGL,HLL201
457,WRPR,HLL201
127,WRPR,HLL201
347,HIST,HLL201
127,WRPR,HLL201
457,WRPR,HLL201
127,WRPR,HLL201
347,HIST,HLL201
454,ENGL,HLL201
127,WRPR,HLL201
454,ENGL,HLL201
127,WRPR,HLL201
309,HIST,HLL201
347,HIST,HLL201
347,HIST,HLL201
704,WRPR,HLL201
309,HIST,HLL201
347,HIST,HLL201
127,WRPR,HLL201
347,HIST,HLL201
457,WRPR,HLL201
309,HIST,HLL201
347,HIST,HLL201
309,HIST,HLL201
347,HIST,HLL201
127,WRPR,HLL201
309,HIST,HLL201
454,ENGL,HLL201
704,WRPR,HLL201
347,HIST,HLL201
309,HIST,HLL201
704,WRPR,HLL201
347,HIST,HLL201
454,ENGL,HLL201
704,WRPR,HLL201
309,HIST,HLL201
457,WRPR,HLL201
127,WRPR,HLL201
704,WRPR,HLL201
454,ENGL,HLL201
309,HIST,HLL201
347,HIST,HLL201
704,WRPR,HLL201
454,ENGL,HLL201
309,HIST,HLL201
457,WRPR,HLL201
454,ENGL,HLL201
704,WRPR,HLL201
127,WRPR,HLL201
127,WRPR,HLL201
457,WRPR,HLL201
309,HIST,HLL201
457,WRPR,HLL201
454,ENGL,HLL201
347,HIST,HLL201
309,HIST,HLL201
457,WRPR,HLL201
127,WRPR,HLL201
704,WRPR,HLL201
347,HIST,HLL201
347,HIST,HLL201
347,HIST,HLL201
347,HIST,HLL201
347,HIST,HLL201
309,HIST,HLL201
347,HIST,HLL201
309,HIST,HLL201
309,HIST,HLL201
347,HIST,HLL201
127,WRPR,HLL201
347,HIST,HLL201
704,WRPR,HLL201
454,ENGL,HLL201
309,HIST,HLL201
347,HIST,HLL201
704,WRPR,HLL201
704,WRPR,HLL201
704,WRPR,HLL201
457,WRPR,HLL201
309,HIST,HLL201
347,HIST,HLL201
457,WRPR,HLL201
454,ENGL,HLL201
309,HIST,HLL201
454,ENGL,HLL201
692,COML,HLL6
98,SPAN,HLL6
618,SPAN,HLL6
618,SPAN,HLL6
618,SPAN,HLL6
396,SPAN,HLL6
618,SPAN,HLL6
618,SPAN,HLL6
98,SPAN,HLL6
98,SPAN,HLL6
692,COML,HLL6
84,SPAN,HLL6
618,SPAN,HLL6
747,ECON,HLL6
98,SPAN,HLL6
692,SPAN,HLL6
297,FREN,HLL6
618,SPAN,HLL6
618,SPAN,HLL6
84,SPAN,HLL6
747,ECON,HLL6
84,SPAN,HLL6
297,FREN,HLL6
98,SPAN,HLL6
98,SPAN,HLL6
98,SPAN,HLL6
297,FREN,HLL6
98,SPAN,HLL6
692,SPAN,HLL6
618,SPAN,HLL6
98,SPAN,HLL6
692,COML,HLL6
297,FREN,HLL6
692,SPAN,HLL6
618,SPAN,HLL6
98,SPAN,HLL6
98,SPAN,HLL6
618,SPAN,HLL6
618,SPAN,HLL6
618,SPAN,HLL6
98,SPAN,HLL6
692,SPAN,HLL6
618,SPAN,HLL6
747,ECON,HLL6
84,SPAN,HLL6
692,SPAN,HLL6
618,SPAN,HLL6
396,SPAN,HLL6
84,SPAN,HLL6
84,SPAN,HLL6
747,ECON,HLL6
692,SPAN,HLL6
618,SPAN,HLL6
618,SPAN,HLL6
747,ECON,HLL6
692,SPAN,HLL6
618,SPAN,HLL6
98,SPAN,HLL6
98,SPAN,HLL6
98,SPAN,HLL6
618,SPAN,HLL6
618,SPAN,HLL6
747,ECON,HLL6
84,SPAN,HLL6
692,SPAN,HLL6
297,FREN,HLL6
98,SPAN,HLL6
98,SPAN,HLL6
747,ECON,HLL6
692,COML,HLL6
618,SPAN,HLL6
747,ECON,HLL6
618,SPAN,HLL6
84,SPAN,HLL6
297,FREN,HLL6
747,ECON,HLL6
618,SPAN,HLL6
618,SPAN,HLL6
98,SPAN,HLL6
692,SPAN,HLL6
98,SPAN,HLL6
692,COML,HLL6
297,FREN,HLL6
297,FREN,HLL6
692,SPAN,HLL6
297,FREN,HLL6
692,SPAN,HLL6
747,ECON,HLL6
692,SPAN,HLL6
618,SPAN,HLL6
618,SPAN,HLL6
84,SPAN,HLL6
692,SPAN,HLL6
618,SPAN,HLL6
297,FREN,HLL6
297,FREN,HLL6
747,ECON,HLL6
297,FREN,HLL6
747,ECON,HLL6
692,SPAN,HLL6
618,SPAN,HLL6
618,SPAN,HLL6
618,SPAN,HLL6
98,SPAN,HLL6
618,SPAN,HLL6
98,SPAN,HLL6
297,FREN,HLL6
98,SPAN,HLL6
98,SPAN,HLL6
618,SPAN,HLL6
692,SPAN,HLL6
396,SPAN,HLL6
692,SPAN,HLL6
98,SPAN,HLL6
98,SPAN,HLL6
692,SPAN,HLL6
98,SPAN,HLL6
618,SPAN,HLL6
747,ECON,HLL6
692,SPAN,HLL6
98,SPAN,HLL6
618,SPAN,HLL6
692,SPAN,HLL6
692,SPAN,HLL6
618,SPAN,HLL6
692,SPAN,HLL6
84,SPAN,HLL6
618,SPAN,HLL6
98,SPAN,HLL6
297,FREN,HLL6
98,SPAN,HLL6
692,SPAN,HLL6
618,SPAN,HLL6
98,SPAN,HLL6
618,SPAN,HLL6
692,COML,HLL6
692,SPAN,HLL6
692,SPAN,HLL6
172,SPAN,HLL7
341,SPAN,HLL7
341,SPAN,HLL7
341,SPAN,HLL7
172,SPAN,HLL7
172,SPAN,HLL7
172,SPAN,HLL7
172,SPAN,HLL7
172,SPAN,HLL7
535,COML,HLL7
535,COML,HLL7
172,SPAN,HLL7
172,SPAN,HLL7
341,SPAN,HLL7
172,SPAN,HLL7
172,SPAN,HLL7
535,COML,HLL7
172,SPAN,HLL7
535,COML,HLL7
172,SPAN,HLL7
172,SPAN,HLL7
535,COML,HLL7
341,SPAN,HLL7
172,SPAN,HLL7
535,COML,HLL7
535,COML,HLL7
535,COML,HLL7
341,SPAN,HLL7
341,SPAN,HLL7
535,COML,HLL7
341,SPAN,HLL7
341,SPAN,HLL7
172,SPAN,HLL7
341,SPAN,HLL7
341,SPAN,HLL7
172,SPAN,HLL7
341,COML,HLL7
341,SPAN,HLL7
172,SPAN,HLL7
172,SPAN,HLL7
341,SPAN,HLL7
172,SPAN,HLL7
172,SPAN,HLL7
172,SPAN,HLL7
341,SPAN,HLL7
172,SPAN,HLL7
535,COML,HLL7
535,COML,HLL7
341,SPAN,HLL7
172,SPAN,HLL7
341,SPAN,HLL7
172,SPAN,HLL7
172,SPAN,HLL7
535,COML,HLL7
341,SPAN,HLL7
341,SPAN,HLL7
341,SPAN,HLL7
341,SPAN,HLL7
341,SPAN,HLL7
535,COML,HLL7
341,SPAN,HLL7
535,COML,HLL7
172,SPAN,HLL7
172,SPAN,HLL7
172,SPAN,HLL7
341,SPAN,HLL7
172,SPAN,HLL7
172,SPAN,HLL7
341,SPAN,HLL7
535,COML,HLL7
341,SPAN,HLL7
535,COML,HLL7
172,SPAN,HLL7
172,SPAN,HLL7
535,COML,HLL7
341,SPAN,HLL7
172,SPAN,HLL7
341,SPAN,HLL7
341,SPAN,HLL7
341,SPAN,HLL7
172,SPAN,HLL7
172,SPAN,HLL7
341,SPAN,HLL7
535,COML,HLL7
172,SPAN,HLL7
709,PHYS,HLS105
709,PHYS,HLS105
709,PHYS,HLS105
322,PHYS,HLS105
322,PHYS,HLS105
709,PHYS,HLS105
709,PHYS,HLS105
709,PHYS,HLS105
709,PHYS,HLS105
709,PHYS,HLS105
709,PHYS,HLS105
322,PHYS,HLS105
322,PHYS,HLS105
322,PHYS,HLS105
709,PHYS,HLS105
709,PHYS,HLS105
709,PHYS,HLS105
322,PHYS,HLS105
322,PHYS,HLS105
709,PHYS,HLS105
322,PHYS,HLS105
709,PHYS,HLS105
322,PHYS,HLS105
322,PHYS,HLS105
322,PHYS,HLS105
322,PHYS,HLS105
322,PHYS,HLS105
709,PHYS,HLS105
709,PHYS,HLS105
322,PHYS,HLS105
709,PHYS,HLS105
322,PHYS,HLS105
322,PHYS,HLS105
322,PHYS,HLS105
322,PHYS,HLS105
709,PHYS,HLS105
709,PHYS,HLS105
322,PHYS,HLS105
709,PHYS,HLS105
709,PHYS,HLS105
709,PHYS,HLS105
322,PHYS,HLS105
322,PHYS,HLS105
709,PHYS,HLS105
322,PHYS,HLS105
709,PHYS,HLS105
322,PHYS,HLS105
709,PHYS,HLS105
322,PHYS,HLS105
322,PHYS,HLS105
322,PHYS,HLS105
322,PHYS,HLS105
322,PHYS,HLS105
322,PHYS,HLS105
709,PHYS,HLS105
322,PHYS,HLS105
322,PHYS,HLS105
322,PHYS,HLS105
322,PHYS,HLS105
322,PHYS,HLS105
322,PHYS,HLS105
322,PHYS,HLS105
709,PHYS,HLS105
709,PHYS,HLS105
709,PHYS,HLS105
322,PHYS,HLS105
322,PHYS,HLS105
322,PHYS,HLS105
709,PHYS,HLS105
709,PHYS,HLS105
709,PHYS,HLS105
322,PHYS,HLS105
709,PHYS,HLS105
322,PHYS,HLS105
322,PHYS,HLS105
709,PHYS,HLS105
709,PHYS,HLS105
709,PHYS,HLS105
709,PHYS,HLS105
322,PHYS,HLS105
322,PHYS,HLS105
322,PHYS,HLS105
322,PHYS,HLS105
322,PHYS,HLS105
322,PHYS,HLS105
709,PHYS,HLS105
322,PHYS,HLS105
322,PHYS,HLS105
322,PHYS,HLS105
709,PHYS,HLS105
709,PHYS,HLS105
709,PHYS,HLS105
709,PHYS,HLS105
322,PHYS,HLS105
322,PHYS,HLS105
709,PHYS,HLS105
709,PHYS,HLS105
709,PHYS,HLS105
322,PHYS,HLS105
322,PHYS,HLS105
322,PHYS,HLS105
322,PHYS,HLS105
322,PHYS,HLS105
709,PHYS,HLS105
322,PHYS,HLS105
709,PHYS,HLS105
322,PHYS,HLS105
322,PHYS,HLS105
709,PHYS,HLS105
709,PHYS,HLS105
322,PHYS,HLS105
709,PHYS,HLS105
709,PHYS,HLS105
709,PHYS,HLS105
709,PHYS,HLS105
322,PHYS,HLS105
709,PHYS,HLS105
322,PHYS,HLS105
322,PHYS,HLS105
709,PHYS,HLS105
709,PHYS,HLS105
709,PHYS,HLS105
709,PHYS,HLS105
563,MATH,HLS108
267,POLS,HLS108
563,MATH,HLS108
202,CMSC,HLS108
563,MATH,HLS108
563,MATH,HLS108
21,LING,HLS108
202,CMSC,HLS108
563,MATH,HLS108
563,MATH,HLS108
202,CMSC,HLS108
322,PHYS,HLS108
322,PHYS,HLS108
267,POLS,HLS108
267,POLS,HLS108
563,MATH,HLS108
202,CMSC,HLS108
267,POLS,HLS108
563,MATH,HLS108
563,MATH,HLS108
202,CMSC,HLS108
669,CMSC,HLS108
267,POLS,HLS108
563,MATH,HLS108
669,CMSC,HLS108
563,MATH,HLS108
322,PHYS,HLS108
669,CMSC,HLS108
669,CMSC,HLS108
563,MATH,HLS108
322,PHYS,HLS108
669,CMSC,HLS108
563,MATH,HLS108
202,CMSC,HLS108
267,POLS,HLS108
202,CMSC,HLS108
202,CMSC,HLS108
202,CMSC,HLS108
322,PHYS,HLS108
267,POLS,HLS108
322,PHYS,HLS108
202,CMSC,HLS108
669,CMSC,HLS108
322,PHYS,HLS108
267,POLS,HLS108
322,PHYS,HLS108
202,CMSC,HLS108
563,MATH,HLS108
202,CMSC,HLS108
21,LING,HLS108
322,PHYS,HLS108
21,LING,HLS108
267,POLS,HLS108
563,MATH,HLS108
202,CMSC,HLS108
21,LING,HLS108
322,PHYS,HLS108
322,PHYS,HLS108
322,PHYS,HLS108
669,CMSC,HLS108
21,LING,HLS108
563,MATH,HLS108
267,POLS,HLS108
202,CMSC,HLS108
322,PHYS,HLS108
563,MATH,HLS108
202,CMSC,HLS108
322,PHYS,HLS108
267,POLS,HLS108
21,LING,HLS108
322,PHYS,HLS108
322,PHYS,HLS108
563,MATH,HLS108
202,CMSC,HLS108
563,MATH,HLS108
322,PHYS,HLS108
202,CMSC,HLS108
267,POLS,HLS108
202,CMSC,HLS108
21,LING,HLS108
669,CMSC,HLS108
21,LING,HLS108
202,CMSC,HLS108
202,CMSC,HLS108
21,LING,HLS108
563,MATH,HLS108
563,MATH,HLS108
322,PHYS,HLS108
322,PHYS,HLS108
322,PHYS,HLS108
202,CMSC,HLS108
669,CMSC,HLS108
669,CMSC,HLS108
322,PHYS,HLS108
21,LING,HLS108
21,LING,HLS108
21,LING,HLS108
322,PHYS,HLS108
267,POLS,HLS108
21,LING,HLS108
669,CMSC,HLS108
563,MATH,HLS108
322,PHYS,HLS108
669,CMSC,HLS108
669,CMSC,HLS108
202,CMSC,HLS108
202,CMSC,HLS108
322,PHYS,HLS108
202,CMSC,HLS108
563,MATH,HLS108
563,MATH,HLS108
202,CMSC,HLS108
669,CMSC,HLS108
267,POLS,HLS108
202,CMSC,HLS108
322,PHYS,HLS108
669,CMSC,HLS108
563,MATH,HLS108
322,PHYS,HLS108
202,CMSC,HLS108
322,PHYS,HLS108
322,PHYS,HLS108
202,CMSC,HLS108
202,CMSC,HLS108
202,CMSC,HLS108
202,CMSC,HLS108
202,CMSC,HLS108
202,CMSC,HLS108
563,MATH,HLS108
669,CMSC,HLS108
322,PHYS,HLS108
202,CMSC,HLS108
563,MATH,HLS108
202,CMSC,HLS108
669,CMSC,HLS108
563,MATH,HLS108
202,CMSC,HLS108
322,PHYS,HLS108
202,CMSC,HLS108
322,PHYS,HLS108
322,PHYS,HLS108
21,LING,HLS108
267,POLS,HLS108
563,MATH,HLS108
267,POLS,HLS108
21,LING,HLS108
322,PHYS,HLS108
267,POLS,HLS108
322,PHYS,HLS108
21,LING,HLS108
322,PHYS,HLS108
267,POLS,HLS108
563,MATH,HLS108
322,PHYS,HLS108
563,MATH,HLS108
202,CMSC,HLS108
322,PHYS,HLS108
267,POLS,HLS108
21,LING,HLS108
563,MATH,HLS108
563,MATH,HLS108
322,PHYS,HLS108
267,POLS,HLS108
563,MATH,HLS108
563,MATH,HLS108
202,CMSC,HLS108
322,PHYS,HLS108
267,POLS,HLS108
322,PHYS,HLS108
202,CMSC,HLS108
322,PHYS,HLS108
322,PHYS,HLS108
322,PHYS,HLS108
669,CMSC,HLS108
21,LING,HLS108
202,CMSC,HLS108
322,PHYS,HLS108
322,PHYS,HLS108
267,POLS,HLS108
322,PHYS,HLS108
202,CMSC,HLS108
563,MATH,HLS108
267,POLS,HLS108
267,POLS,HLS108
322,PHYS,HLS108
202,CMSC,HLS108
322,PHYS,HLS108
563,MATH,HLS108
563,MATH,HLS108
322,PHYS,HLS108
21,LING,HLS108
669,CMSC,HLS108
202,CMSC,HLS108
563,MATH,HLS108
322,PHYS,HLS108
21,LING,HLS108
669,CMSC,HLS108
322,PHYS,HLS108
267,POLS,HLS108
563,MATH,HLS108
267,POLS,HLS108
267,POLS,HLS108
322,PHYS,HLS108
563,MATH,HLS108
322,PHYS,HLS108
202,CMSC,HLS108
563,MATH,HLS108
202,CMSC,HLS108
563,MATH,HLS108
202,CMSC,HLS108
669,CMSC,HLS108
322,PHYS,HLS108
202,CMSC,HLS108
563,MATH,HLS108
267,POLS,HLS108
669,CMSC,HLS108
202,CMSC,HLS108
563,MATH,HLS108
21,LING,HLS108
563,MATH,HLS108
563,MATH,HLS108
202,CMSC,HLS108
21,LING,HLS108
322,PHYS,HLS108
322,PHYS,HLS108
322,PHYS,HLS108
202,CMSC,HLS108
563,MATH,HLS108
111,PEAC,HLS109
108,HIST,HLS109
684,MATH,HLS109
615,MATH,HLS109
684,MATH,HLS109
359,CHEM,HLS109
359,CHEM,HLS109
108,HIST,HLS109
308,MATH,HLS109
684,MATH,HLS109
108,HIST,HLS109
308,MATH,HLS109
386,PEAC,HLS109
308,MATH,HLS109
500,CHEM,HLS109
108,HIST,HLS109
684,MATH,HLS109
615,MATH,HLS109
308,MATH,HLS109
615,STAT,HLS109
308,CMSC,HLS109
108,HIST,HLS109
386,PEAC,HLS109
108,HIST,HLS109
111,PEAC,HLS109
308,MATH,HLS109
500,CHEM,HLS109
308,CMSC,HLS109
108,HIST,HLS109
308,CMSC,HLS109
615,STAT,HLS109
308,MATH,HLS109
615,MATH,HLS109
615,STAT,HLS109
111,PEAC,HLS109
615,STAT,HLS109
108,HIST,HLS109
308,MATH,HLS109
108,HIST,HLS109
111,PHIL,HLS109
308,ECON,HLS109
308,CMSC,HLS109
308,MATH,HLS109
386,PEAC,HLS109
386,PEAC,HLS109
615,MATH,HLS109
684,MATH,HLS109
615,MATH,HLS109
386,PEAC,HLS109
359,CHEM,HLS109
359,CHEM,HLS109
111,PEAC,HLS109
308,MATH,HLS109
684,MATH,HLS109
308,CMSC,HLS109
615,MATH,HLS109
615,STAT,HLS109
500,CHEM,HLS109
308,MATH,HLS109
386,PEAC,HLS109
308,CMSC,HLS109
111,PEAC,HLS109
615,MATH,HLS109
615,STAT,HLS109
308,MATH,HLS109
308,MATH,HLS109
108,HIST,HLS109
308,MATH,HLS109
308,MATH,HLS109
500,CHEM,HLS109
108,HIST,HLS109
111,PHIL,HLS109
111,PEAC,HLS109
108,HIST,HLS109
500,CHEM,HLS109
615,MATH,HLS109
615,MATH,HLS109
308,MATH,HLS109
684,MATH,HLS109
500,CHEM,HLS109
111,PEAC,HLS109
615,STAT,HLS109
359,CHEM,HLS109
684,MATH,HLS109
108,HIST,HLS109
359,CHEM,HLS109
684,MATH,HLS109
500,CHEM,HLS109
615,MATH,HLS109
386,PEAC,HLS109
386,PEAC,HLS109
108,HIST,HLS109
308,CMSC,HLS109
684,MATH,HLS109
111,PHIL,HLS109
615,STAT,HLS109
308,MATH,HLS109
500,CHEM,HLS109
308,CMSC,HLS109
615,MATH,HLS109
108,HIST,HLS109
308,MATH,HLS109
386,PEAC,HLS109
308,ECON,HLS109
684,MATH,HLS109
386,PEAC,HLS109
615,MATH,HLS109
111,PEAC,HLS109
386,PEAC,HLS109
684,MATH,HLS109
308,CMSC,HLS109
108,HIST,HLS109
308,MATH,HLS109
108,HIST,HLS109
308,ECON,HLS109
108,HIST,HLS109
111,PEAC,HLS109
386,PEAC,HLS109
308,CMSC,HLS109
359,CHEM,HLS109
386,PEAC,HLS109
308,CMSC,HLS109
500,CHEM,HLS109
111,PEAC,HLS109
108,HIST,HLS109
359,CHEM,HLS109
108,HIST,HLS109
111,PEAC,HLS109
308,MATH,HLS109
308,CMSC,HLS109
615,STAT,HLS109
684,MATH,HLS109
500,CHEM,HLS109
308,MATH,HLS109
308,MATH,HLS109
308,MATH,HLS109
308,MATH,HLS109
308,ECON,HLS109
615,MATH,HLS109
615,STAT,HLS109
111,PEAC,HLS109
615,MATH,HLS109
386,PEAC,HLS109
108,HIST,HLS109
684,MATH,HLS109
615,STAT,HLS109
359,CHEM,HLS109
615,MATH,HLS109
308,ECON,HLS109
684,MATH,HLS109
615,STAT,HLS109
500,CHEM,HLS109
615,MATH,HLS109
111,PHIL,HLS109
359,CHEM,HLS109
386,PEAC,HLS109
615,MATH,HLS109
386,PEAC,HLS109
111,PHIL,HLS109
108,HIST,HLS109
615,MATH,HLS109
308,CMSC,HLS109
500,CHEM,HLS109
615,STAT,HLS109
386,PEAC,HLS109
500,CHEM,HLS109
108,HIST,HLS109
111,PEAC,HLS109
386,PEAC,HLS109
500,CHEM,HLS109
615,MATH,HLS109
615,MATH,HLS109
111,PEAC,HLS109
308,MATH,HLS109
500,CHEM,HLS109
684,MATH,HLS109
684,MATH,HLS109
684,MATH,HLS109
684,MATH,HLS109
615,MATH,HLS109
359,CHEM,HLS109
108,HIST,HLS109
684,MATH,HLS109
308,MATH,HLS109
111,PHIL,HLS109
386,PEAC,HLS109
615,MATH,HLS109
108,HIST,HLS109
386,PEAC,HLS109
359,CHEM,HLS109
308,MATH,HLS109
684,MATH,HLS109
615,MATH,HLS109
308,MATH,HLS109
308,ECON,HLS109
684,MATH,HLS109
111,PEAC,HLS109
684,MATH,HLS109
359,CHEM,HLS109
684,MATH,HLS109
308,MATH,HLS109
308,MATH,HLS109
615,MATH,HLS109
386,PEAC,HLS109
386,PEAC,HLS109
615,STAT,HLS109
615,MATH,HLS109
308,MATH,HLS109
108,HIST,HLS109
615,MATH,HLS109
359,CHEM,HLS109
308,MATH,HLS109
111,PHIL,HLS109
500,CHEM,HLS109
108,HIST,HLS109
684,MATH,HLS109
386,PEAC,HLS109
308,MATH,HLS109
615,MATH,HLS109
108,HIST,HLS109
615,MATH,HLS109
108,HIST,HLS109
108,HIST,HLS109
308,MATH,HLS109
615,STAT,HLS109
359,CHEM,HLS109
308,MATH,HLS109
386,PEAC,HLS109
308,MATH,HLS109
500,CHEM,HLS109
615,STAT,HLS109
111,PHIL,HLS109
500,CHEM,HLS109
359,CHEM,HLS109
108,HIST,HLS109
108,HIST,HLS109
308,ECON,HLS109
615,STAT,HLS109
386,PEAC,HLS109
684,MATH,HLS109
500,CHEM,HLS109
500,CHEM,HLS109
308,MATH,HLS109
308,CMSC,HLS109
615,MATH,HLS109
108,HIST,HLS109
111,PEAC,HLS109
615,STAT,HLS109
308,CMSC,HLS109
308,CMSC,HLS109
386,PEAC,HLS109
359,CHEM,HLS109
684,MATH,HLS109
308,MATH,HLS109
308,MATH,HLS109
386,PEAC,HLS109
615,MATH,HLS109
308,CMSC,HLS109
615,STAT,HLS109
308,CMSC,HLS109
108,HIST,HLS109
308,MATH,HLS109
359,CHEM,HLS109
308,CMSC,HLS109
308,MATH,HLS109
500,CHEM,HLS109
359,CHEM,HLS109
108,HIST,HLS109
359,CHEM,HLS109
359,CHEM,HLS109
500,CHEM,HLS109
386,PEAC,HLS109
615,STAT,HLS109
308,ECON,HLS109
108,HIST,HLS109
399,MATH,HLS11
399,MATH,HLS11
399,MATH,HLS11
399,MATH,HLS11
399,MATH,HLS11
399,MATH,HLS11
399,MATH,HLS11
399,MATH,HLS11
399,MATH,HLS11
399,MATH,HLS11
399,MATH,HLS11
399,MATH,HLS11
399,MATH,HLS11
399,MATH,HLS11
399,MATH,HLS11
399,MATH,HLS11
399,MATH,HLS11
399,MATH,HLS11
399,MATH,HLS11
388,ENVS,HLS204
388,ENVS,HLS204
268,PSYC,HLS204
268,PSYC,HLS204
388,ENVS,HLS204
123,SOCL,HLS204
93,PSYC,HLS204
268,PSYC,HLS204
123,SOCL,HLS204
388,ENVS,HLS204
123,SOCL,HLS204
388,ENVS,HLS204
268,PSYC,HLS204
123,SOCL,HLS204
268,PSYC,HLS204
268,PSYC,HLS204
268,PSYC,HLS204
388,ENVS,HLS204
93,PSYC,HLS204
93,PSYC,HLS204
388,ENVS,HLS204
268,PSYC,HLS204
93,PSYC,HLS204
123,SOCL,HLS204
388,ENVS,HLS204
123,SOCL,HLS204
388,ENVS,HLS204
388,ENVS,HLS204
388,ENVS,HLS204
388,ENVS,HLS204
388,ENVS,HLS204
93,PSYC,HLS204
268,PSYC,HLS204
388,ENVS,HLS204
388,ENVS,HLS204
268,PSYC,HLS204
388,ENVS,HLS204
268,PSYC,HLS204
93,PSYC,HLS204
388,ENVS,HLS204
93,PSYC,HLS204
123,SOCL,HLS204
388,ENVS,HLS204
268,PSYC,HLS204
93,PSYC,HLS204
123,SOCL,HLS204
93,PSYC,HLS204
268,PSYC,HLS204
388,ENVS,HLS204
268,PSYC,HLS204
388,ENVS,HLS204
388,ENVS,HLS204
93,PSYC,HLS204
388,ENVS,HLS204
388,ENVS,HLS204
93,PSYC,HLS204
123,SOCL,HLS204
388,ENVS,HLS204
268,PSYC,HLS204
388,ENVS,HLS204
388,ENVS,HLS204
268,PSYC,HLS204
388,ENVS,HLS204
28,POLS,IRADEAREID
28,POLS,IRADEAREID
28,POLS,IRADEAREID
28,POLS,IRADEAREID
28,POLS,IRADEAREID
28,POLS,IRADEAREID
28,POLS,IRADEAREID
28,POLS,IRADEAREID
28,POLS,IRADEAREID
28,POLS,IRADEAREID
28,POLS,IRADEAREID
359,CHEM,LNKL205
359,CHEM,LNKL205
411,PHYS,LNKL205
443,HIST,LNKL205
411,PHYS,LNKL205
359,CHEM,LNKL205
443,HIST,LNKL205
359,CHEM,LNKL205
359,CHEM,LNKL205
411,PHYS,LNKL205
443,HIST,LNKL205
474,PHIL,LNKL205
411,PHYS,LNKL205
443,HIST,LNKL205
411,PHYS,LNKL205
411,PHYS,LNKL205
474,PHIL,LNKL205
411,PHYS,LNKL205
474,PHIL,LNKL205
359,CHEM,LNKL205
443,HIST,LNKL205
359,CHEM,LNKL205
244,GREK,LNKL205
443,HIST,LNKL205
359,CHEM,LNKL205
474,PHIL,LNKL205
244,GREK,LNKL205
359,CHEM,LNKL205
359,CHEM,LNKL205
359,CHEM,LNKL205
474,PHIL,LNKL205
359,CHEM,LNKL205
411,PHYS,LNKL205
359,CHEM,LNKL205
443,HIST,LNKL205
411,PHYS,LNKL205
411,PHYS,LNKL205
359,CHEM,LNKL205
474,PHIL,LNKL205
359,CHEM,LNKL205
411,PHYS,LNKL205
443,HIST,LNKL205
213,CMSC,LNKL309
572,ENGL,LNKL309
572,ENGL,LNKL309
612,MATH,LNKL309
52,MATH,LNKL309
378,MATH,LNKL309
612,MATH,LNKL309
213,CMSC,LNKL309
572,ENGL,LNKL309
378,MATH,LNKL309
52,MATH,LNKL309
213,CMSC,LNKL309
213,CMSC,LNKL309
572,ENGL,LNKL309
213,CMSC,LNKL309
572,ENGL,LNKL309
572,ENGL,LNKL309
572,ENGL,LNKL309
378,MATH,LNKL309
612,MATH,LNKL309
52,MATH,LNKL309
612,MATH,LNKL309
213,CMSC,LNKL309
213,CMSC,LNKL309
612,MATH,LNKL309
213,CMSC,LNKL309
52,MATH,LNKL309
52,MATH,LNKL309
572,ENGL,LNKL309
378,MATH,LNKL309
52,MATH,LNKL309
213,CMSC,LNKL309
52,MATH,LNKL309
572,ENGL,LNKL309
572,ENGL,LNKL309
612,MATH,LNKL309
52,MATH,LNKL309
572,ENGL,LNKL309
572,ENGL,LNKL309
213,CMSC,LNKL309
213,CMSC,LNKL309
572,ENGL,LNKL309
378,MATH,LNKL309
572,ENGL,LNKL309
52,MATH,LNKL309
213,CMSC,LNKL309
572,ENGL,LNKL309
572,ENGL,LNKL309
612,MATH,LNKL309
52,MATH,LNKL309
213,CMSC,LNKL309
572,ENGL,LNKL309
315,POLS,MAGILLHVID
406,HIST,MAGILLHVID
17,HIST,MAGILLHVID
315,POLS,MAGILLHVID
406,HIST,MAGILLHVID
315,POLS,MAGILLHVID
732,ICPR,MAGILLHVID
315,POLS,MAGILLHVID
732,ICPR,MAGILLHVID
315,POLS,MAGILLHVID
315,POLS,MAGILLHVID
732,ICPR,MAGILLHVID
406,HIST,MAGILLHVID
315,POLS,MAGILLHVID
732,ICPR,MAGILLHVID
315,POLS,MAGILLHVID
17,HIST,MAGILLHVID
315,POLS,MAGILLHVID
406,HIST,MAGILLHVID
315,POLS,MAGILLHVID
17,ANTH,MAGILLHVID
315,POLS,MAGILLHVID
406,HIST,MAGILLHVID
315,POLS,MAGILLHVID
315,POLS,MAGILLHVID
315,POLS,MAGILLHVID
315,POLS,MAGILLHVID
315,POLS,MAGILLHVID
17,ANTH,MAGILLHVID
17,ANTH,MAGILLHVID
732,ICPR,MAGILLHVID
181,SPAN,MAGILLMR
408,POLS,MAGILLMR
283,SOCL,MAGILLMR
408,POLS,MAGILLMR
165,HIST,MAGILLMR
181,SPAN,MAGILLMR
165,HIST,MAGILLMR
408,POLS,MAGILLMR
408,POLS,MAGILLMR
629,SOCL,MAGILLMR
181,SPAN,MAGILLMR
283,SOCL,MAGILLMR
181,SPAN,MAGILLMR
181,SPAN,MAGILLMR
181,SPAN,MAGILLMR
629,SOCL,MAGILLMR
408,POLS,MAGILLMR
181,SPAN,MAGILLMR
629,ANTH,MAGILLMR
629,ANTH,MAGILLMR
408,POLS,MAGILLMR
408,POLS,MAGILLMR
181,SPAN,MAGILLMR
165,HIST,MAGILLMR
283,SOCL,MAGILLMR
283,SOCL,MAGILLMR
181,SPAN,MAGILLMR
629,SOCL,MAGILLMR
181,SPAN,MAGILLMR
629,ANTH,MAGILLMR
629,SOCL,MAGILLMR
283,SOCL,MAGILLMR
408,POLS,MAGILLMR
181,SPAN,MAGILLMR
444,MUSC,MARSHAUD
444,MUSC,MARSHAUD
444,MUSC,MARSHAUD
444,MUSC,MARSHAUD
444,MUSC,MARSHAUD
444,MUSC,MARSHAUD
444,MUSC,MARSHAUD
444,MUSC,MARSHAUD
444,MUSC,MARSHAUD
444,MUSC,MARSHAUD
444,MUSC,MARSHAUD
590,ASTR,OBS
124,ASTR,OBS
590,PHYS,OBS
590,ASTR,OBS
590,PHYS,OBS
436,PHYS,OBS
124,ASTR,OBS
590,ASTR,OBS
436,PHYS,OBS
436,PHYS,OBS
436,PHYS,OBS
188,ASTR,OBS
436,PHYS,OBS
436,PHYS,OBS
188,ASTR,OBS
436,PHYS,OBS
188,ASTR,OBS
436,PHYS,OBS
436,PHYS,OBS
188,ASTR,OBS
590,ASTR,OBS
590,ASTR,OBS
124,ASTR,OBS
590,PHYS,OBS
436,PHYS,OBS
188,ASTR,OBS
188,ASTR,OBS
436,PHYS,OBS
188,ASTR,OBS
124,ASTR,OBS
436,PHYS,OBS
124,ASTR,OBS
436,PHYS,OBS
590,ASTR,OBS
436,PHYS,OBS
436,PHYS,OBS
188,ASTR,OBS
124,ASTR,OBS
590,ASTR,OBS
590,PHYS,OBS
124,ASTR,OBS
590,PHYS,OBS
436,PHYS,OBS
436,PHYS,OBS
436,PHYS,OBS
188,ASTR,OBS
590,ASTR,OBS
590,ASTR,OBS
188,ASTR,OBS
436,PHYS,OBS
436,PHYS,OBS
590,ASTR,OBS
436,PHYS,OBS
590,PHYS,OBS
436,PHYS,OBS
436,PHYS,OBS
188,ASTR,OBS
590,PHYS,OBS
590,PHYS,OBS
590,PHYS,OBS
590,ASTR,OBS
590,PHYS,OBS
158,EAST,ROB7
292,SOCL,ROB7
292,SOCL,ROB7
158,EAST,ROB7
158,EAST,ROB7
292,SOCL,ROB7
292,SOCL,ROB7
292,SOCL,ROB7
158,EAST,ROB7
158,EAST,ROB7
158,EAST,ROB7
222,POLS,SHA213
222,POLS,SHA213
282,PHYS,SHA217
91,ICPR,SHA217
91,ICPR,SHA217
687,ICPR,SHA217
91,ICPR,SHA217
91,ICPR,SHA217
91,ICPR,SHA217
687,ICPR,SHA217
282,PHYS,SHA217
224,SPAN,SHA217
282,PHYS,SHA217
631,BIOL,SHA217
91,ICPR,SHA217
687,ICPR,SHA217
224,SPAN,SHA217
91,ICPR,SHA217
631,BIOL,SHA217
365,BIOL,SHA217
631,BIOL,SHA217
365,BIOL,SHA217
631,BIOL,SHA217
224,SPAN,SHA217
224,SPAN,SHA217
91,ICPR,SHA217
224,SPAN,SHA217
91,ICPR,SHA217
282,PHYS,SHA217
631,BIOL,SHA217
631,BIOL,SHA217
365,BIOL,SHA217
91,ICPR,SHA217
224,SPAN,SHA217
224,SPAN,SHA217
631,BIOL,SHA217
365,BIOL,SHA217
224,SPAN,SHA217
365,BIOL,SHA217
91,ICPR,SHA217
631,BIOL,SHA217
631,BIOL,SHA217
91,ICPR,SHA217
91,ICPR,SHA217
282,PHYS,SHA217
687,ICPR,SHA217
224,SPAN,SHA217
224,SPAN,SHA217
91,ICPR,SHA217
224,SPAN,SHA217
365,BIOL,SHA217
631,BIOL,SHA217
224,SPAN,SHA217
631,BIOL,SHA217
365,BIOL,SHA217
91,ICPR,SHA217
282,PHYS,SHA217
631,BIOL,SHA217
365,BIOL,SHA217
687,ICPR,SHA217
687,ICPR,SHA217
365,BIOL,SHA217
631,BIOL,SHA217
282,PHYS,SHA217
282,PHYS,SHA217
91,ICPR,SHA217
631,BIOL,SHA217
224,SPAN,SHA217
224,SPAN,SHA217
91,ICPR,SHA217
631,BIOL,SHA217
365,BIOL,SHA217
631,BIOL,SHA217
365,BIOL,SHA217
224,SPAN,SHA217
91,ICPR,SHA217
365,BIOL,SHA217
365,BIOL,SHA217
91,ICPR,SHA217
365,BIOL,SHA217
224,SPAN,SHA217
631,BIOL,SHA217
224,SPAN,SHA217
91,ICPR,SHA217
631,BIOL,SHA217
91,ICPR,SHA217
224,SPAN,SHA217
224,SPAN,SHA217
631,BIOL,SHA217
631,BIOL,SHA217
365,BIOL,SHA217
687,ICPR,SHA217
91,ICPR,SHA217
631,BIOL,SHA217
631,BIOL,SHA217
365,BIOL,SHA217
631,BIOL,SHA217
282,PHYS,SHA217
91,ICPR,SHA217
365,BIOL,SHA217
224,SPAN,SHA217
282,PHYS,SHA217
282,PHYS,SHA217
282,PHYS,SHA217
631,BIOL,SHA217
687,ICPR,SHA217
91,ICPR,SHA217
365,BIOL,SHA217
631,BIOL,SHA217
365,BIOL,SHA217
91,ICPR,SHA217
91,ICPR,SHA217
91,ICPR,SHA217
365,BIOL,SHA217
631,BIOL,SHA217
631,BIOL,SHA217
365,BIOL,SHA217
631,BIOL,SHA217
282,PHYS,SHA217
282,PHYS,SHA217
365,BIOL,SHA217
631,BIOL,SHA217
91,ICPR,SHA217
687,ICPR,SHA217
91,ICPR,SHA217
365,BIOL,SHA217
91,ICPR,SHA217
282,PHYS,SHA217
365,BIOL,SHA217
91,ICPR,SHA217
282,PHYS,SHA217
687,ICPR,SHA217
365,BIOL,SHA217
631,BIOL,SHA217
365,BIOL,SHA217
631,BIOL,SHA217
687,ICPR,SHA217
631,BIOL,SHA217
365,BIOL,SHA217
365,BIOL,SHA217
91,ICPR,SHA217
687,ICPR,SHA217
365,BIOL,SHA217
91,ICPR,SHA217
282,PHYS,SHA217
365,BIOL,SHA217
631,BIOL,SHA217
365,BIOL,SHA217
91,ICPR,SHA217
91,ICPR,SHA217
631,BIOL,SHA217
365,BIOL,SHA217
687,ICPR,SHA217
91,ICPR,SHA217
687,ICPR,SHA217
224,SPAN,SHA217
687,ICPR,SHA217
224,SPAN,SHA217
224,SPAN,SHA217
365,BIOL,SHA217
91,ICPR,SHA217
224,SPAN,SHA217
631,BIOL,SHA217
282,PHYS,SHA217
687,ICPR,SHA217
282,PHYS,SHA217
365,BIOL,SHA217
687,ICPR,SHA217
224,SPAN,SHA217
224,SPAN,SHA217
631,BIOL,SHA217
687,ICPR,SHA217
313,PSYC,SHA410
313,PSYC,SHA410
412,BIOL,SHA410
106,PSYC,SHA410
313,PSYC,SHA410
69,PSYC,SHA410
313,PSYC,SHA410
313,PSYC,SHA410
313,PSYC,SHA410
313,PSYC,SHA410
313,PSYC,SHA410
313,PSYC,SHA410
412,PSYC,SHA410
63,PSYC,SHA410
313,PSYC,SHA410
313,PSYC,SHA410
412,PSYC,SHA410
313,PSYC,SHA410
313,PSYC,SHA410
313,PSYC,SHA410
313,PSYC,SHA410
313,PSYC,SHA410
313,PSYC,SHA410
313,PSYC,SHA410
548,CHEM,SHA410
313,PSYC,SHA410
45,PSYC,SHA410
45,PSYC,SHA410
63,PSYC,SHA410
63,PSYC,SHA410
106,PSYC,SHA410
45,PSYC,SHA410
412,BIOL,SHA410
344,PSYC,SHA410
106,PSYC,SHA410
63,PSYC,SHA410
412,BIOL,SHA410
62,PSYC,SHA410
106,PSYC,SHA410
69,PSYC,SHA410
63,PSYC,SHA410
344,PSYC,SHA410
62,PSYC,SHA410
106,PSYC,SHA410
128,PSYC,SHA410
106,PSYC,SHA410
63,PSYC,SHA410
106,PSYC,SHA410
63,PSYC,SHA410
128,PSYC,SHA410
63,PSYC,SHA410
548,CHEM,SHA410
344,PSYC,SHA410
344,PSYC,SHA410
62,PSYC,SHA410
412,PSYC,SHA410
45,PSYC,SHA410
106,PSYC,SHA410
62,PSYC,SHA410
69,PSYC,SHA410
313,PSYC,SHA410
63,PSYC,SHA410
344,PSYC,SHA410
62,PSYC,SHA410
63,PSYC,SHA410
344,PSYC,SHA410
45,PSYC,SHA410
128,PSYC,SHA410
412,PSYC,SHA410
344,PSYC,SHA410
63,PSYC,SHA410
344,PSYC,SHA410
62,PSYC,SHA410
313,PSYC,SHA410
548,CHEM,SHA410
412,PSYC,SHA410
548,CHEM,SHA410
313,PSYC,SHA410
313,PSYC,SHA410
313,PSYC,SHA410
313,PSYC,SHA410
313,PSYC,SHA410
69,PSYC,SHA410
62,PSYC,SHA410
45,PSYC,SHA410
63,PSYC,SHA410
344,PSYC,SHA410
62,PSYC,SHA410
313,PSYC,SHA410
313,PSYC,SHA410
45,PSYC,SHA410
63,PSYC,SHA410
313,PSYC,SHA410
63,PSYC,SHA410
412,PSYC,SHA410
45,PSYC,SHA410
412,PSYC,SHA410
313,PSYC,SHA410
313,PSYC,SHA410
548,CHEM,SHA410
313,PSYC,SHA410
62,PSYC,SHA410
62,PSYC,SHA410
412,PSYC,SHA410
548,CHEM,SHA410
62,PSYC,SHA410
313,PSYC,SHA410
69,PSYC,SHA410
62,PSYC,SHA410
45,PSYC,SHA410
412,PSYC,SHA410
313,PSYC,SHA410
62,PSYC,SHA410
69,PSYC,SHA410
69,PSYC,SHA410
313,PSYC,SHA410
313,PSYC,SHA410
313,PSYC,SHA410
313,PSYC,SHA410
412,BIOL,SHA410
313,PSYC,SHA410
313,PSYC,SHA410
69,PSYC,SHA410
313,PSYC,SHA410
313,PSYC,SHA410
313,PSYC,SHA410
313,PSYC,SHA410
69,PSYC,SHA410
62,PSYC,SHA410
63,PSYC,SHA410
548,CHEM,SHA410
548,CHEM,SHA410
412,PSYC,SHA410
128,PSYC,SHA410
548,CHEM,SHA410
69,PSYC,SHA410
313,PSYC,SHA410
412,PSYC,SHA410
106,PSYC,SHA410
69,PSYC,SHA410
63,PSYC,SHA410
63,PSYC,SHA410
128,PSYC,SHA410
313,PSYC,SHA410
62,PSYC,SHA410
313,PSYC,SHA410
63,PSYC,SHA410
69,PSYC,SHA410
62,PSYC,SHA410
412,PSYC,SHA410
45,PSYC,SHA410
63,PSYC,SHA410
344,PSYC,SHA410
106,PSYC,SHA410
63,PSYC,SHA410
62,PSYC,SHA410
106,PSYC,SHA410
313,PSYC,SHA410
45,PSYC,SHA410
63,PSYC,SHA410
313,PSYC,SHA410
548,CHEM,SHA410
412,PSYC,SHA410
344,PSYC,SHA410
62,PSYC,SHA410
63,PSYC,SHA410
69,PSYC,SHA410
63,PSYC,SHA410
313,PSYC,SHA410
313,PSYC,SHA410
412,BIOL,SHA410
344,PSYC,SHA410
128,PSYC,SHA410
63,PSYC,SHA410
69,PSYC,SHA410
62,PSYC,SHA410
313,PSYC,SHA410
63,PSYC,SHA410
412,PSYC,SHA410
45,PSYC,SHA410
313,PSYC,SHA410
313,PSYC,SHA410
63,PSYC,SHA410
63,PSYC,SHA410
313,PSYC,SHA410
62,PSYC,SHA410
313,PSYC,SHA410
313,PSYC,SHA410
45,PSYC,SHA410
63,PSYC,SHA410
63,PSYC,SHA410
313,PSYC,SHA410
313,PSYC,SHA410
62,PSYC,SHA410
344,PSYC,SHA410
412,PSYC,SHA410
45,PSYC,SHA410
313,PSYC,SHA410
344,PSYC,SHA410
548,CHEM,SHA410
62,PSYC,SHA410
106,PSYC,SHA410
412,PSYC,SHA410
45,PSYC,SHA410
344,PSYC,SHA410
412,PSYC,SHA410
344,PSYC,SHA410
63,PSYC,SHA410
412,PSYC,SHA410
106,PSYC,SHA410
412,PSYC,SHA410
62,PSYC,SHA410
63,PSYC,SHA410
63,PSYC,SHA410
128,PSYC,SHA410
62,PSYC,SHA410
63,PSYC,SHA410
313,PSYC,SHA410
344,PSYC,SHA410
63,PSYC,SHA410
313,PSYC,SHA410
344,PSYC,SHA410
62,PSYC,SHA410
106,PSYC,SHA410
344,PSYC,SHA410
313,PSYC,SHA410
412,PSYC,SHA410
106,PSYC,SHA410
63,PSYC,SHA410
344,PSYC,SHA410
45,PSYC,SHA410
63,PSYC,SHA410
548,CHEM,SHA410
313,PSYC,SHA410
412,PSYC,SHA410
412,PSYC,SHA410
45,PSYC,SHA410
313,PSYC,SHA410
62,PSYC,SHA410
106,PSYC,SHA410
128,PSYC,SHA410
45,PSYC,SHA410
344,PSYC,SHA410
344,PSYC,SHA410
313,PSYC,SHA410
412,PSYC,SHA410
313,PSYC,SHA410
313,PSYC,SHA410
313,PSYC,SHA410
412,PSYC,SHA410
106,PSYC,SHA410
45,PSYC,SHA410
63,PSYC,SHA410
412,PSYC,SHA410
106,PSYC,SHA410
313,PSYC,SHA410
313,PSYC,SHA410
45,PSYC,SHA410
63,PSYC,SHA410
313,PSYC,SHA410
313,PSYC,SHA410
412,PSYC,SHA410
548,CHEM,SHA410
548,CHEM,SHA410
412,PSYC,SHA410
128,PSYC,SHA410
45,PSYC,SHA410
412,PSYC,SHA410
45,PSYC,SHA410
45,PSYC,SHA410
63,PSYC,SHA410
313,PSYC,SHA410
313,PSYC,SHA410
313,PSYC,SHA410
548,CHEM,SHA410
412,BIOL,SHA410
548,CHEM,SHA410
412,BIOL,SHA410
63,PSYC,SHA410
344,PSYC,SHA410
128,PSYC,SHA410
548,CHEM,SHA410
313,PSYC,SHA410
548,CHEM,SHA410
313,PSYC,SHA410
62,PSYC,SHA410
45,PSYC,SHA410
313,PSYC,SHA410
63,PSYC,SHA410
313,PSYC,SHA410
313,PSYC,SHA410
313,PSYC,SHA410
313,PSYC,SHA410
62,PSYC,SHA410
45,PSYC,SHA410
63,PSYC,SHA410
106,PSYC,SHA410
548,CHEM,SHA410
106,PSYC,SHA410
63,PSYC,SHA410
62,PSYC,SHA410
412,PSYC,SHA410
62,PSYC,SHA410
69,PSYC,SHA410
128,PSYC,SHA410
45,PSYC,SHA410
45,PSYC,SHA410
313,PSYC,SHA410
313,PSYC,SHA410
313,PSYC,SHA410
548,CHEM,SHA410
63,PSYC,SHA410
412,PSYC,SHA410
62,PSYC,SHA410
313,PSYC,SHA410
313,PSYC,SHA410
344,PSYC,SHA410
45,PSYC,SHA410
63,PSYC,SHA410
62,PSYC,SHA410
344,PSYC,SHA410
106,PSYC,SHA410
313,PSYC,SHA410
63,PSYC,SHA410
62,PSYC,SHA410
344,PSYC,SHA410
548,CHEM,SHA410
62,PSYC,SHA410
313,PSYC,SHA410
62,PSYC,SHA410
548,CHEM,SHA410
412,PSYC,SHA410
63,PSYC,SHA410
313,PSYC,SHA410
63,PSYC,SHA410
62,PSYC,SHA410
62,PSYC,SHA410
63,PSYC,SHA410
548,CHEM,SHA410
412,PSYC,SHA410
313,PSYC,SHA410
69,PSYC,SHA410
63,PSYC,SHA410
412,PSYC,SHA410
344,PSYC,SHA410
63,PSYC,SHA410
344,PSYC,SHA410
344,PSYC,SHA410
106,PSYC,SHA410
548,CHEM,SHA410
62,PSYC,SHA410
344,PSYC,SHA410
63,PSYC,SHA410
63,PSYC,SHA410
548,CHEM,SHA410
412,PSYC,SHA410
344,PSYC,SHA410
412,PSYC,SHA410
106,PSYC,SHA410
344,PSYC,SHA410
412,PSYC,SHA410
344,PSYC,SHA410
106,PSYC,SHA410
62,PSYC,SHA410
45,PSYC,SHA410
63,PSYC,SHA410
313,PSYC,SHA410
313,PSYC,SHA410
412,BIOL,SHA410
62,PSYC,SHA410
106,PSYC,SHA410
548,CHEM,SHA410
313,PSYC,SHA410
69,PSYC,SHA410
412,PSYC,SHA410
63,PSYC,SHA410
69,PSYC,SHA410
45,PSYC,SHA410
106,PSYC,SHA410
45,PSYC,SHA410
412,PSYC,SHA410
344,PSYC,SHA410
63,PSYC,SHA410
313,PSYC,SHA410
62,PSYC,SHA410
45,PSYC,SHA410
344,PSYC,SHA410
313,PSYC,SHA410
548,CHEM,SHA410
63,PSYC,SHA410
69,PSYC,SHA410
313,PSYC,SHA410
69,PSYC,SHA410
344,PSYC,SHA410
548,CHEM,SHA410
548,CHEM,SHA410
412,BIOL,SHA410
63,PSYC,SHA410
313,PSYC,SHA410
313,PSYC,SHA410
412,BIOL,SHA410
69,PSYC,SHA410
63,PSYC,SHA410
313,PSYC,SHA410
313,PSYC,SHA410
313,PSYC,SHA410
62,PSYC,SHA410
63,PSYC,SHA410
128,PSYC,SHA410
69,PSYC,SHA410
63,PSYC,SHA410
62,PSYC,SHA410
313,PSYC,SHA410
313,PSYC,SHA410
313,PSYC,SHA410
313,PSYC,SHA410
313,PSYC,SHA410
313,PSYC,SHA410
63,PSYC,SHA410
313,PSYC,SHA410
128,PSYC,SHA410
63,PSYC,SHA410
106,PSYC,SHA410
412,PSYC,SHA410
344,PSYC,SHA410
45,PSYC,SHA410
548,CHEM,SHA410
69,PSYC,SHA410
63,PSYC,SHA410
313,PSYC,SHA410
62,PSYC,SHA410
63,PSYC,SHA410
45,PSYC,SHA410
62,PSYC,SHA410
45,PSYC,SHA410
412,BIOL,SHA410
62,PSYC,SHA410
63,PSYC,SHA410
344,PSYC,SHA410
412,PSYC,SHA410
62,PSYC,SHA410
63,PSYC,SHA410
45,PSYC,SHA410
106,PSYC,SHA410
69,PSYC,SHA410
63,PSYC,SHA410
548,CHEM,SHA410
412,PSYC,SHA410
45,PSYC,SHA410
313,PSYC,SHA410
313,PSYC,SHA410
313,PSYC,SHA410
344,PSYC,SHA410
313,PSYC,SHA410
63,PSYC,SHA410
548,CHEM,SHA410
313,PSYC,SHA410
63,PSYC,SHA410
128,PSYC,SHA410
63,PSYC,SHA410
128,PSYC,SHA410
106,PSYC,SHA410
45,PSYC,SHA410
63,PSYC,SHA410
313,PSYC,SHA410
344,PSYC,SHA410
106,PSYC,SHA410
69,PSYC,SHA410
62,PSYC,SHA410
548,CHEM,SHA410
313,PSYC,SHA410
313,PSYC,SHA410
128,PSYC,SHA410
45,PSYC,SHA410
62,PSYC,SHA410
313,PSYC,SHA410
128,PSYC,SHA410
69,PSYC,SHA410
63,PSYC,SHA410
204,PSYC,SHA412
720,CHEM,SHA412
204,PSYC,SHA412
204,PSYC,SHA412
565,CMSC,SHA412
528,CMSC,SHA412
460,SOCL,SHA412
204,PSYC,SHA412
416,RELG,SHA412
516,MATH,SHA412
720,CHEM,SHA412
416,RELG,SHA412
565,CMSC,SHA412
528,CMSC,SHA412
528,CMSC,SHA412
204,PSYC,SHA412
204,PSYC,SHA412
204,PSYC,SHA412
528,CMSC,SHA412
720,CHEM,SHA412
720,CHEM,SHA412
204,PSYC,SHA412
528,CMSC,SHA412
565,CMSC,SHA412
565,CMSC,SHA412
528,CMSC,SHA412
416,RELG,SHA412
565,CMSC,SHA412
720,CHEM,SHA412
416,RELG,SHA412
565,CMSC,SHA412
204,PSYC,SHA412
720,CHEM,SHA412
720,CHEM,SHA412
565,CMSC,SHA412
528,CMSC,SHA412
460,SOCL,SHA412
516,MATH,SHA412
516,MATH,SHA412
720,CHEM,SHA412
416,RELG,SHA412
460,SOCL,SHA412
720,CHEM,SHA412
460,SOCL,SHA412
565,CMSC,SHA412
204,PSYC,SHA412
204,PSYC,SHA412
516,MATH,SHA412
416,RELG,SHA412
528,CMSC,SHA412
565,CMSC,SHA412
528,CMSC,SHA412
204,PSYC,SHA412
460,SOCL,SHA412
204,PSYC,SHA412
565,CMSC,SHA412
416,RELG,SHA412
460,SOCL,SHA412
720,CHEM,SHA412
204,PSYC,SHA412
460,SOCL,SHA412
528,CMSC,SHA412
528,CMSC,SHA412
516,MATH,SHA412
204,PSYC,SHA412
720,CHEM,SHA412
204,PSYC,SHA412
720,CHEM,SHA412
204,PSYC,SHA412
204,PSYC,SHA412
416,RELG,SHA412
204,PSYC,SHA412
516,MATH,SHA412
528,CMSC,SHA412
720,CHEM,SHA412
720,CHEM,SHA412
565,CMSC,SHA412
516,MATH,SHA412
528,CMSC,SHA412
416,RELG,SHA412
565,CMSC,SHA412
528,CMSC,SHA412
204,PSYC,SHA412
416,RELG,SHA412
565,CMSC,SHA412
565,CMSC,SHA412
204,PSYC,SHA412
528,CMSC,SHA412
528,CMSC,SHA412
565,CMSC,SHA412
460,SOCL,SHA412
204,PSYC,SHA412
528,CMSC,SHA412
416,RELG,SHA412
416,RELG,SHA412
720,CHEM,SHA412
516,MATH,SHA412
516,MATH,SHA412
720,CHEM,SHA412
204,PSYC,SHA412
204,PSYC,SHA412
720,CHEM,SHA412
460,SOCL,SHA412
204,PSYC,SHA412
204,PSYC,SHA412
720,CHEM,SHA412
720,CHEM,SHA412
528,CMSC,SHA412
565,CMSC,SHA412
565,CMSC,SHA412
460,SOCL,SHA412
460,SOCL,SHA412
516,MATH,SHA412
460,SOCL,SHA412
204,PSYC,SHA412
516,MATH,SHA412
416,RELG,SHA412
565,CMSC,SHA412
416,RELG,SHA412
204,PSYC,SHA412
565,CMSC,SHA412
720,CHEM,SHA412
720,CHEM,SHA412
720,CHEM,SHA412
416,RELG,SHA412
528,CMSC,SHA412
720,CHEM,SHA412
460,SOCL,SHA412
416,RELG,SHA412
204,PSYC,SHA412
516,MATH,SHA412
565,CMSC,SHA412
204,PSYC,SHA412
204,PSYC,SHA412
720,CHEM,SHA412
565,CMSC,SHA412
460,SOCL,SHA412
565,CMSC,SHA412
204,PSYC,SHA412
516,MATH,SHA412
720,CHEM,SHA412
416,RELG,SHA412
720,CHEM,SHA412
416,RELG,SHA412
416,RELG,SHA412
416,RELG,SHA412
528,CMSC,SHA412
516,MATH,SHA412
516,MATH,SHA412
204,PSYC,SHA412
565,CMSC,SHA412
204,PSYC,SHA412
720,CHEM,SHA412
204,PSYC,SHA412
720,CHEM,SHA412
516,MATH,SHA412
565,CMSC,SHA412
528,CMSC,SHA412
528,CMSC,SHA412
528,CMSC,SHA412
528,CMSC,SHA412
720,CHEM,SHA412
204,PSYC,SHA412
565,CMSC,SHA412
720,CHEM,SHA412
565,CMSC,SHA412
516,MATH,SHA412
460,SOCL,SHA412
204,PSYC,SHA412
720,CHEM,SHA412
204,PSYC,SHA412
416,RELG,SHA412
528,CMSC,SHA412
460,SOCL,SHA412
632,MATH,SHAAUD
737,CHEM,SHAAUD
651,BIOL,SHAAUD
632,MATH,SHAAUD
651,BIOL,SHAAUD
737,CHEM,SHAAUD
632,MATH,SHAAUD
651,BIOL,SHAAUD
737,CHEM,SHAAUD
632,MATH,SHAAUD
632,MATH,SHAAUD
632,MATH,SHAAUD
333,BIOL,SHAAUD
333,BIOL,SHAAUD
333,BIOL,SHAAUD
651,BIOL,SHAAUD
651,BIOL,SHAAUD
632,MATH,SHAAUD
651,BIOL,SHAAUD
651,BIOL,SHAAUD
737,CHEM,SHAAUD
632,MATH,SHAAUD
651,BIOL,SHAAUD
737,CHEM,SHAAUD
651,BIOL,SHAAUD
737,CHEM,SHAAUD
737,CHEM,SHAAUD
333,BIOL,SHAAUD
651,BIOL,SHAAUD
651,BIOL,SHAAUD
737,CHEM,SHAAUD
632,MATH,SHAAUD
651,BIOL,SHAAUD
737,CHEM,SHAAUD
632,MATH,SHAAUD
333,BIOL,SHAAUD
632,MATH,SHAAUD
651,BIOL,SHAAUD
651,BIOL,SHAAUD
737,CHEM,SHAAUD
632,MATH,SHAAUD
651,BIOL,SHAAUD
737,CHEM,SHAAUD
632,MATH,SHAAUD
573,BIOL,SHAAUD
651,BIOL,SHAAUD
333,BIOL,SHAAUD
632,MATH,SHAAUD
333,CHEM,SHAAUD
632,MATH,SHAAUD
737,CHEM,SHAAUD
651,BIOL,SHAAUD
632,MATH,SHAAUD
651,BIOL,SHAAUD
737,CHEM,SHAAUD
651,BIOL,SHAAUD
651,BIOL,SHAAUD
737,CHEM,SHAAUD
333,BIOL,SHAAUD
632,MATH,SHAAUD
651,BIOL,SHAAUD
333,BIOL,SHAAUD
632,MATH,SHAAUD
632,MATH,SHAAUD
651,BIOL,SHAAUD
632,MATH,SHAAUD
651,BIOL,SHAAUD
333,BIOL,SHAAUD
737,CHEM,SHAAUD
573,BIOL,SHAAUD
573,BIOL,SHAAUD
651,BIOL,SHAAUD
651,BIOL,SHAAUD
333,BIOL,SHAAUD
651,BIOL,SHAAUD
737,CHEM,SHAAUD
651,BIOL,SHAAUD
737,CHEM,SHAAUD
333,BIOL,SHAAUD
737,CHEM,SHAAUD
651,BIOL,SHAAUD
333,BIOL,SHAAUD
651,BIOL,SHAAUD
651,BIOL,SHAAUD
651,BIOL,SHAAUD
632,MATH,SHAAUD
632,MATH,SHAAUD
651,BIOL,SHAAUD
651,BIOL,SHAAUD
737,CHEM,SHAAUD
632,MATH,SHAAUD
651,BIOL,SHAAUD
573,BIOL,SHAAUD
737,CHEM,SHAAUD
632,MATH,SHAAUD
632,MATH,SHAAUD
651,BIOL,SHAAUD
651,BIOL,SHAAUD
632,MATH,SHAAUD
651,BIOL,SHAAUD
651,BIOL,SHAAUD
651,BIOL,SHAAUD
651,BIOL,SHAAUD
737,CHEM,SHAAUD
632,MATH,SHAAUD
651,BIOL,SHAAUD
573,BIOL,SHAAUD
573,BIOL,SHAAUD
632,MATH,SHAAUD
651,BIOL,SHAAUD
737,CHEM,SHAAUD
573,BIOL,SHAAUD
333,BIOL,SHAAUD
333,BIOL,SHAAUD
651,BIOL,SHAAUD
737,CHEM,SHAAUD
632,MATH,SHAAUD
632,MATH,SHAAUD
632,MATH,SHAAUD
333,BIOL,SHAAUD
632,MATH,SHAAUD
632,MATH,SHAAUD
651,BIOL,SHAAUD
737,CHEM,SHAAUD
573,BIOL,SHAAUD
632,MATH,SHAAUD
651,BIOL,SHAAUD
737,CHEM,SHAAUD
651,BIOL,SHAAUD
651,BIOL,SHAAUD
333,BIOL,SHAAUD
632,MATH,SHAAUD
651,BIOL,SHAAUD
737,CHEM,SHAAUD
651,BIOL,SHAAUD
573,BIOL,SHAAUD
333,BIOL,SHAAUD
632,MATH,SHAAUD
573,BIOL,SHAAUD
651,BIOL,SHAAUD
651,BIOL,SHAAUD
737,CHEM,SHAAUD
573,BIOL,SHAAUD
573,BIOL,SHAAUD
632,MATH,SHAAUD
651,BIOL,SHAAUD
573,BIOL,SHAAUD
333,BIOL,SHAAUD
651,BIOL,SHAAUD
737,CHEM,SHAAUD
651,BIOL,SHAAUD
651,BIOL,SHAAUD
737,CHEM,SHAAUD
632,MATH,SHAAUD
333,BIOL,SHAAUD
632,MATH,SHAAUD
737,CHEM,SHAAUD
651,BIOL,SHAAUD
333,BIOL,SHAAUD
651,BIOL,SHAAUD
632,MATH,SHAAUD
333,BIOL,SHAAUD
651,BIOL,SHAAUD
737,CHEM,SHAAUD
333,BIOL,SHAAUD
651,BIOL,SHAAUD
737,CHEM,SHAAUD
651,BIOL,SHAAUD
651,BIOL,SHAAUD
737,CHEM,SHAAUD
632,MATH,SHAAUD
651,BIOL,SHAAUD
737,CHEM,SHAAUD
333,BIOL,SHAAUD
333,BIOL,SHAAUD
651,BIOL,SHAAUD
632,MATH,SHAAUD
632,MATH,SHAAUD
651,BIOL,SHAAUD
333,BIOL,SHAAUD
333,BIOL,SHAAUD
632,MATH,SHAAUD
651,BIOL,SHAAUD
651,BIOL,SHAAUD
632,MATH,SHAAUD
632,MATH,SHAAUD
632,MATH,SHAAUD
651,BIOL,SHAAUD
632,MATH,SHAAUD
573,BIOL,SHAAUD
632,MATH,SHAAUD
632,MATH,SHAAUD
573,BIOL,SHAAUD
573,BIOL,SHAAUD
651,BIOL,SHAAUD
737,CHEM,SHAAUD
573,BIOL,SHAAUD
632,MATH,SHAAUD
333,CHEM,SHAAUD
651,BIOL,SHAAUD
651,BIOL,SHAAUD
737,CHEM,SHAAUD
632,MATH,SHAAUD
651,BIOL,SHAAUD
737,CHEM,SHAAUD
737,CHEM,SHAAUD
651,BIOL,SHAAUD
333,BIOL,SHAAUD
632,MATH,SHAAUD
651,BIOL,SHAAUD
651,BIOL,SHAAUD
737,CHEM,SHAAUD
651,BIOL,SHAAUD
651,BIOL,SHAAUD
651,BIOL,SHAAUD
632,MATH,SHAAUD
632,MATH,SHAAUD
573,BIOL,SHAAUD
651,BIOL,SHAAUD
573,BIOL,SHAAUD
651,BIOL,SHAAUD
737,CHEM,SHAAUD
737,CHEM,SHAAUD
651,BIOL,SHAAUD
573,BIOL,SHAAUD
651,BIOL,SHAAUD
737,CHEM,SHAAUD
632,MATH,SHAAUD
333,BIOL,SHAAUD
573,BIOL,SHAAUD
632,MATH,SHAAUD
651,BIOL,SHAAUD
651,BIOL,SHAAUD
737,CHEM,SHAAUD
333,BIOL,SHAAUD
333,BIOL,SHAAUD
632,MATH,SHAAUD
632,MATH,SHAAUD
573,BIOL,SHAAUD
333,BIOL,SHAAUD
651,BIOL,SHAAUD
737,CHEM,SHAAUD
632,MATH,SHAAUD
573,BIOL,SHAAUD
573,BIOL,SHAAUD
632,MATH,SHAAUD
632,MATH,SHAAUD
651,BIOL,SHAAUD
737,CHEM,SHAAUD
632,MATH,SHAAUD
632,MATH,SHAAUD
333,BIOL,SHAAUD
333,BIOL,SHAAUD
632,MATH,SHAAUD
573,BIOL,SHAAUD
632,MATH,SHAAUD
632,MATH,SHAAUD
632,MATH,SHAAUD
651,BIOL,SHAAUD
737,CHEM,SHAAUD
573,BIOL,SHAAUD
737,CHEM,SHAAUD
651,BIOL,SHAAUD
737,CHEM,SHAAUD
632,MATH,SHAAUD
333,BIOL,SHAAUD
651,BIOL,SHAAUD
632,MATH,SHAAUD
573,BIOL,SHAAUD
632,MATH,SHAAUD
651,BIOL,SHAAUD
651,BIOL,SHAAUD
737,CHEM,SHAAUD
632,MATH,SHAAUD
333,BIOL,SHAAUD
573,BIOL,SHAAUD
737,CHEM,SHAAUD
651,BIOL,SHAAUD
651,BIOL,SHAAUD
737,CHEM,SHAAUD
333,BIOL,SHAAUD
333,BIOL,SHAAUD
573,BIOL,SHAAUD
632,MATH,SHAAUD
445,POLS,STO10
209,POLS,STO10
192,BIOL,STO10
209,POLS,STO10
209,POLS,STO10
445,POLS,STO10
514,LING,STO10
514,LING,STO10
445,POLS,STO10
445,POLS,STO10
209,POLS,STO10
445,POLS,STO10
192,BIOL,STO10
514,LING,STO10
459,ARAB,STO10
192,BIOL,STO10
445,POLS,STO10
192,BIOL,STO10
192,BIOL,STO10
192,BIOL,STO10
514,LING,STO10
192,BIOL,STO10
192,BIOL,STO10
192,BIOL,STO10
192,BIOL,STO10
445,POLS,STO10
445,POLS,STO10
514,LING,STO10
514,LING,STO10
192,BIOL,STO10
445,POLS,STO10
192,BIOL,STO10
192,BIOL,STO10
251,POLS,STO10
192,BIOL,STO10
445,POLS,STO10
192,BIOL,STO10
445,POLS,STO10
209,POLS,STO10
514,LING,STO10
514,LING,STO10
514,LING,STO10
209,POLS,STO10
192,BIOL,STO10
192,BIOL,STO10
445,POLS,STO10
192,BIOL,STO10
209,POLS,STO10
192,BIOL,STO10
459,ARAB,STO10
192,BIOL,STO10
251,POLS,STO10
445,POLS,STO10
445,POLS,STO10
209,POLS,STO10
209,POLS,STO10
209,POLS,STO10
514,LING,STO10
459,ARAB,STO10
192,BIOL,STO10
192,BIOL,STO10
514,LING,STO10
445,POLS,STO10
192,BIOL,STO10
445,POLS,STO10
459,ARAB,STO10
192,BIOL,STO10
251,POLS,STO10
445,POLS,STO10
192,BIOL,STO10
192,BIOL,STO10
192,BIOL,STO10
514,LING,STO10
459,ARAB,STO10
192,BIOL,STO10
251,POLS,STO10
209,POLS,STO10
192,BIOL,STO10
514,LING,STO10
514,LING,STO10
192,BIOL,STO10
194,LING,STO10
192,BIOL,STO10
192,BIOL,STO10
514,LING,STO10
192,BIOL,STO10
251,POLS,STO10
192,BIOL,STO10
251,POLS,STO10
445,POLS,STO10
209,POLS,STO10
445,POLS,STO10
251,POLS,STO10
192,BIOL,STO10
514,LING,STO10
192,BIOL,STO10
514,LING,STO10
514,LING,STO10
209,POLS,STO10
192,BIOL,STO10
445,POLS,STO10
192,BIOL,STO10
192,BIOL,STO10
192,BIOL,STO10
514,LING,STO10
194,LING,STO10
192,BIOL,STO10
192,BIOL,STO10
209,POLS,STO10
445,POLS,STO10
445,POLS,STO10
514,LING,STO10
192,BIOL,STO10
192,BIOL,STO10
445,POLS,STO10
192,BIOL,STO10
192,BIOL,STO10
192,BIOL,STO10
445,POLS,STO10
514,LING,STO10
209,POLS,STO10
251,POLS,STO10
514,LING,STO10
514,LING,STO10
192,BIOL,STO10
209,POLS,STO10
459,ARAB,STO10
251,POLS,STO10
192,BIOL,STO10
251,POLS,STO10
209,POLS,STO10
445,POLS,STO10
445,POLS,STO10
445,POLS,STO10
445,POLS,STO10
209,POLS,STO10
209,POLS,STO10
251,POLS,STO10
445,POLS,STO10
209,POLS,STO10
445,POLS,STO10
192,BIOL,STO10
192,BIOL,STO10
192,BIOL,STO10
459,ARAB,STO10
209,POLS,STO10
192,BIOL,STO10
192,BIOL,STO10
192,BIOL,STO10
192,BIOL,STO10
192,BIOL,STO10
514,LING,STO10
445,POLS,STO10
192,BIOL,STO10
209,POLS,STO10
192,BIOL,STO10
192,BIOL,STO10
209,POLS,STO10
514,LING,STO10
445,POLS,STO10
209,POLS,STO10
209,POLS,STO10
192,BIOL,STO10
192,BIOL,STO10
209,POLS,STO10
514,LING,STO10
192,BIOL,STO10
192,BIOL,STO10
192,BIOL,STO10
192,BIOL,STO10
192,BIOL,STO10
445,POLS,STO10
209,POLS,STO10
192,BIOL,STO10
209,POLS,STO10
209,POLS,STO10
209,POLS,STO10
459,ARAB,STO10
192,BIOL,STO10
209,POLS,STO10
445,POLS,STO10
251,POLS,STO10
251,POLS,STO10
445,POLS,STO10
192,BIOL,STO10
209,POLS,STO10
192,BIOL,STO10
209,POLS,STO10
251,POLS,STO10
192,BIOL,STO10
445,POLS,STO10
192,BIOL,STO10
192,BIOL,STO10
445,POLS,STO10
251,POLS,STO10
209,POLS,STO10
192,BIOL,STO10
192,BIOL,STO10
445,POLS,STO10
192,BIOL,STO10
209,POLS,STO10
209,POLS,STO10
445,POLS,STO10
192,BIOL,STO10
445,POLS,STO10
445,POLS,STO10
514,LING,STO10
192,BIOL,STO10
209,POLS,STO10
192,BIOL,STO10
514,LING,STO10
514,LING,STO10
209,POLS,STO10
459,ARAB,STO10
445,POLS,STO10
459,ARAB,STO10
514,LING,STO10
251,POLS,STO10
514,LING,STO10
209,POLS,STO10
192,BIOL,STO10
514,LING,STO10
514,LING,STO10
209,POLS,STO10
192,BIOL,STO10
192,BIOL,STO10
514,LING,STO10
514,LING,STO10
192,BIOL,STO10
209,POLS,STO10
192,BIOL,STO10
192,BIOL,STO10
514,LING,STO10
445,POLS,STO10
445,POLS,STO10
251,POLS,STO10
209,POLS,STO10
192,BIOL,STO10
209,POLS,STO10
514,LING,STO10
445,POLS,STO10
445,POLS,STO10
192,BIOL,STO10
209,POLS,STO10
192,BIOL,STO10
192,BIOL,STO10
445,POLS,STO10
192,BIOL,STO10
445,POLS,STO10
160,ICPR,STO102
160,ICPR,STO102
53,ICPR,STO102
160,ICPR,STO102
160,ICPR,STO102
160,ICPR,STO102
53,ICPR,STO102
160,ICPR,STO102
160,ICPR,STO102
160,ICPR,STO102
160,ICPR,STO102
160,ICPR,STO102
160,ICPR,STO102
53,ICPR,STO102
160,ICPR,STO102
160,ICPR,STO102
160,ICPR,STO102
160,ICPR,STO102
160,ICPR,STO102
675,FREN,STO119
184,FREN,STO119
184,FREN,STO119
479,FREN,STO119
479,FREN,STO119
297,FREN,STO119
731,FREN,STO119
297,FREN,STO119
355,WRPR,STO119
479,FREN,STO119
731,FREN,STO119
60,WRPR,STO119
297,FREN,STO119
184,FREN,STO119
479,FREN,STO119
184,FREN,STO119
675,FREN,STO119
297,FREN,STO119
731,FREN,STO119
675,FREN,STO119
675,FREN,STO119
60,WRPR,STO119
355,WRPR,STO119
479,FREN,STO119
675,FREN,STO119
731,FREN,STO119
297,FREN,STO119
479,FREN,STO119
60,WRPR,STO119
479,FREN,STO119
479,FREN,STO119
184,FREN,STO119
355,WRPR,STO119
479,FREN,STO119
479,FREN,STO119
60,WRPR,STO119
479,FREN,STO119
479,FREN,STO119
355,WRPR,STO119
479,FREN,STO119
297,FREN,STO119
355,WRPR,STO119
184,FREN,STO119
479,FREN,STO119
60,WRPR,STO119
297,FREN,STO119
60,WRPR,STO119
355,WRPR,STO119
297,FREN,STO119
355,WRPR,STO119
675,FREN,STO119
675,FREN,STO119
675,FREN,STO119
297,FREN,STO119
297,FREN,STO119
355,WRPR,STO119
184,FREN,STO119
297,FREN,STO119
297,FREN,STO119
479,FREN,STO119
297,FREN,STO119
297,FREN,STO119
355,WRPR,STO119
297,FREN,STO119
297,FREN,STO119
675,FREN,STO119
675,FREN,STO119
731,FREN,STO119
297,FREN,STO119
675,FREN,STO119
184,FREN,STO119
479,FREN,STO119
184,FREN,STO119
60,WRPR,STO119
731,FREN,STO119
60,WRPR,STO119
675,FREN,STO119
184,FREN,STO119
355,WRPR,STO119
479,FREN,STO119
184,FREN,STO119
479,FREN,STO119
731,FREN,STO119
355,WRPR,STO119
355,WRPR,STO119
479,FREN,STO119
479,FREN,STO119
675,FREN,STO119
675,FREN,STO119
297,FREN,STO119
731,FREN,STO119
184,FREN,STO119
184,FREN,STO119
479,FREN,STO119
60,WRPR,STO119
355,WRPR,STO119
184,FREN,STO119
350,POLS,STO14
620,SOCL,STO14
24,ECON,STO14
350,POLS,STO14
24,ECON,STO14
350,POLS,STO14
217,CNSE,STO14
350,POLS,STO14
24,ECON,STO14
217,CNSE,STO14
197,PEAC,STO14
620,SOCL,STO14
350,POLS,STO14
24,ECON,STO14
350,POLS,STO14
253,CNSE,STO14
217,CNSE,STO14
350,POLS,STO14
24,ECON,STO14
217,CNSE,STO14
24,ECON,STO14
350,POLS,STO14
350,POLS,STO14
217,CNSE,STO14
24,ECON,STO14
350,POLS,STO14
217,CNSE,STO14
24,ECON,STO14
217,CNSE,STO14
24,ECON,STO14
620,SOCL,STO14
24,ECON,STO14
217,CNSE,STO14
217,CNSE,STO14
350,POLS,STO14
24,ECON,STO14
350,POLS,STO14
350,POLS,STO14
217,CNSE,STO14
350,POLS,STO14
217,CNSE,STO14
217,CNSE,STO14
24,ECON,STO14
217,CNSE,STO14
253,CNSE,STO14
24,ECON,STO14
197,PEAC,STO14
217,CNSE,STO14
350,POLS,STO14
197,PEAC,STO14
217,CNSE,STO14
253,CNSE,STO14
217,CNSE,STO14
217,CNSE,STO14
24,ECON,STO14
24,ECON,STO14
253,CNSE,STO14
350,POLS,STO14
350,POLS,STO14
350,POLS,STO14
217,CNSE,STO14
197,PEAC,STO14
217,CNSE,STO14
620,SOCL,STO14
217,CNSE,STO14
253,CNSE,STO14
350,POLS,STO14
253,CNSE,STO14
24,ECON,STO14
24,ECON,STO14
15,ECON,STO16
374,ITAL,STO16
15,ECON,STO16
15,ECON,STO16
374,ITAL,STO16
546,ECON,STO16
15,ECON,STO16
481,ECON,STO16
29,ECON,STO16
374,ITAL,STO16
546,ECON,STO16
546,ECON,STO16
29,ECON,STO16
305,ENGL,STO16
546,ECON,STO16
305,ENGL,STO16
481,ECON,STO16
546,ECON,STO16
546,ECON,STO16
29,ECON,STO16
305,ENGL,STO16
481,ECON,STO16
15,ECON,STO16
546,ECON,STO16
29,ECON,STO16
29,ECON,STO16
481,ECON,STO16
481,ECON,STO16
305,ENGL,STO16
305,ENGL,STO16
29,ECON,STO16
29,ECON,STO16
15,ECON,STO16
147,ICPR,STO16
546,ECON,STO16
29,ECON,STO16
29,ECON,STO16
15,ECON,STO16
305,ENGL,STO16
305,ENGL,STO16
305,ENGL,STO16
305,ENGL,STO16
29,ECON,STO16
29,ECON,STO16
29,ECON,STO16
15,ECON,STO16
305,ENGL,STO16
546,ECON,STO16
374,ITAL,STO16
481,ECON,STO16
374,ITAL,STO16
481,ECON,STO16
305,ENGL,STO16
481,ECON,STO16
305,ENGL,STO16
546,ECON,STO16
546,ECON,STO16
305,ENGL,STO16
374,ITAL,STO16
546,ECON,STO16
29,ECON,STO16
147,ICPR,STO16
29,ECON,STO16
305,ENGL,STO16
546,ECON,STO16
374,ITAL,STO16
546,ECON,STO16
546,ECON,STO16
305,ENGL,STO16
29,ECON,STO16
374,ITAL,STO16
374,ITAL,STO16
481,ECON,STO16
15,ECON,STO16
305,ENGL,STO16
481,ECON,STO16
481,ECON,STO16
29,ECON,STO16
147,ICPR,STO16
15,ECON,STO16
374,ITAL,STO16
15,ECON,STO16
147,ICPR,STO16
546,ECON,STO16
305,ENGL,STO16
305,ENGL,STO16
15,ECON,STO16
305,ENGL,STO16
305,ENGL,STO16
481,ECON,STO16
147,ICPR,STO16
546,ECON,STO16
546,ECON,STO16
29,ECON,STO16
29,ECON,STO16
481,ECON,STO16
29,ECON,STO16
15,ECON,STO16
15,ECON,STO16
29,ECON,STO16
15,ECON,STO16
481,ECON,STO16
15,ECON,STO16
29,ECON,STO16
305,ENGL,STO16
546,ECON,STO16
374,ITAL,STO16
374,ITAL,STO16
305,ENGL,STO16
305,ENGL,STO16
481,ECON,STO16
546,ECON,STO16
29,ECON,STO16
481,ECON,STO16
147,ICPR,STO16
15,ECON,STO16
305,ENGL,STO16
147,ICPR,STO16
29,ECON,STO16
546,ECON,STO16
29,ECON,STO16
147,ICPR,STO16
147,ICPR,STO16
305,ENGL,STO16
29,ECON,STO16
546,ECON,STO16
546,ECON,STO16
305,ENGL,STO16
29,ECON,STO16
546,ECON,STO16
374,ITAL,STO16
15,ECON,STO16
29,ECON,STO16
15,ECON,STO16
374,ITAL,STO16
29,ECON,STO16
374,ITAL,STO16
546,ECON,STO16
374,ITAL,STO16
305,ENGL,STO16
15,ECON,STO16
15,ECON,STO16
305,ENGL,STO16
15,ECON,STO16
15,ECON,STO16
29,ECON,STO16
15,ECON,STO16
29,ECON,STO16
305,ENGL,STO16
305,ENGL,STO16
481,ECON,STO16
29,ECON,STO16
546,ECON,STO16
305,ENGL,STO16
15,ECON,STO16
546,ECON,STO16
374,ITAL,STO16
546,ECON,STO16
15,ECON,STO16
305,ENGL,STO16
305,ENGL,STO16
29,ECON,STO16
29,ECON,STO16
374,ITAL,STO16
29,ECON,STO16
374,ITAL,STO16
29,ECON,STO16
546,ECON,STO16
29,ECON,STO16
481,ECON,STO16
546,ECON,STO16
29,ECON,STO16
15,ECON,STO16
29,ECON,STO16
481,ECON,STO16
15,ECON,STO16
374,ITAL,STO16
481,ECON,STO16
29,ECON,STO16
481,ECON,STO16
546,ECON,STO16
147,ICPR,STO16
481,ECON,STO16
374,ITAL,STO16
29,ECON,STO16
546,ECON,STO16
546,ECON,STO16
29,ECON,STO16
15,ECON,STO16
305,ENGL,STO16
546,ECON,STO16
29,ECON,STO16
546,ECON,STO16
481,ECON,STO16
29,ECON,STO16
305,ENGL,STO16
15,ECON,STO16
481,ECON,STO16
305,ENGL,STO16
29,ECON,STO16
484,JNSE,STO18
72,POLS,STO18
72,POLS,STO18
72,POLS,STO18
484,JNSE,STO18
238,POLS,STO18
238,POLS,STO18
238,POLS,STO18
72,POLS,STO18
238,POLS,STO18
484,JNSE,STO18
238,POLS,STO18
492,POLS,STO18
484,JNSE,STO18
492,POLS,STO18
238,POLS,STO18
72,POLS,STO18
484,JNSE,STO18
484,JNSE,STO18
72,POLS,STO18
72,POLS,STO18
238,POLS,STO18
238,POLS,STO18
492,POLS,STO18
238,POLS,STO18
72,POLS,STO18
72,POLS,STO18
72,POLS,STO18
492,POLS,STO18
238,POLS,STO18
72,POLS,STO18
72,POLS,STO18
238,POLS,STO18
484,JNSE,STO18
72,POLS,STO18
484,JNSE,STO18
72,POLS,STO18
238,POLS,STO18
484,JNSE,STO18
492,POLS,STO18
72,POLS,STO18
238,POLS,STO18
484,JNSE,STO18
238,POLS,STO18
238,POLS,STO18
484,JNSE,STO18
238,POLS,STO18
477,ECON,STO207
477,POLS,STO207
375,ARTS,STO207
79,JNSE,STO207
477,ECON,STO207
375,ICPR,STO207
477,ECON,STO207
175,ECON,STO207
477,ECON,STO207
375,ICPR,STO207
401,JNSE,STO207
401,JNSE,STO207
375,ICPR,STO207
477,POLS,STO207
375,ICPR,STO207
401,JNSE,STO207
477,ECON,STO207
375,ICPR,STO207
79,JNSE,STO207
79,JNSE,STO207
375,ICPR,STO207
375,ICPR,STO207
477,ECON,STO207
375,ICPR,STO207
401,JNSE,STO207
375,ICPR,STO207
375,ICPR,STO207
375,ICPR,STO207
375,ICPR,STO207
175,ECON,STO207
375,ICPR,STO207
375,ICPR,STO207
375,ICPR,STO207
375,ICPR,STO207
79,JNSE,STO207
79,JNSE,STO207
401,JNSE,STO207
175,ECON,STO207
375,ARTS,STO207
374,ITAL,STO301
460,SOCL,STO301
460,SOCL,STO301
374,ITAL,STO301
457,WRPR,STO301
9,POLS,STO301
9,ICPR,STO301
460,SOCL,STO301
457,WRPR,STO301
457,WRPR,STO301
457,WRPR,STO301
439,WRPR,STO301
460,SOCL,STO301
336,WRPR,STO301
439,WRPR,STO301
439,WRPR,STO301
439,WRPR,STO301
460,SOCL,STO301
9,ICPR,STO301
374,ITAL,STO301
336,WRPR,STO301
457,WRPR,STO301
374,ITAL,STO301
439,WRPR,STO301
9,POLS,STO301
9,POLS,STO301
457,WRPR,STO301
460,SOCL,STO301
460,SOCL,STO301
439,WRPR,STO301
460,SOCL,STO301
9,POLS,STO301
9,POLS,STO301
439,WRPR,STO301
439,WRPR,STO301
336,WRPR,STO301
460,SOCL,STO301
439,WRPR,STO301
460,SOCL,STO301
457,WRPR,STO301
336,WRPR,STO301
336,WRPR,STO301
336,WRPR,STO301
460,SOCL,STO301
460,SOCL,STO301
457,WRPR,STO301
439,WRPR,STO301
439,WRPR,STO301
460,SOCL,STO301
596,JNSE,STO301
439,WRPR,STO301
457,WRPR,STO301
336,WRPR,STO301
374,ITAL,STO301
9,ICPR,STO301
9,ICPR,STO301
374,ITAL,STO301
374,ITAL,STO301
336,WRPR,STO301
596,JNSE,STO301
460,SOCL,STO301
439,WRPR,STO301
460,SOCL,STO301
457,WRPR,STO301
460,SOCL,STO301
460,SOCL,STO301
374,ITAL,STO301
457,WRPR,STO301
9,ICPR,STO301
9,POLS,STO301
9,ICPR,STO301
9,ICPR,STO301
439,WRPR,STO301
374,ITAL,STO301
439,WRPR,STO301
9,POLS,STO301
460,SOCL,STO301
596,JNSE,STO301
9,POLS,STO301
336,WRPR,STO301
9,POLS,STO301
460,SOCL,STO301
460,SOCL,STO301
336,WRPR,STO301
336,WRPR,STO301
359,CHEM,STOAUD
478,MATH,STOAUD
359,CHEM,STOAUD
478,MATH,STOAUD
478,MATH,STOAUD
478,MATH,STOAUD
359,CHEM,STOAUD
328,HIST,STOAUD
359,CHEM,STOAUD
359,CHEM,STOAUD
478,MATH,STOAUD
359,CHEM,STOAUD
328,HIST,STOAUD
328,HIST,STOAUD
359,CHEM,STOAUD
328,HIST,STOAUD
328,HIST,STOAUD
328,HIST,STOAUD
478,MATH,STOAUD
328,HIST,STOAUD
478,MATH,STOAUD
328,HIST,STOAUD
478,MATH,STOAUD
478,MATH,STOAUD
478,MATH,STOAUD
328,HIST,STOAUD
328,HIST,STOAUD
328,HIST,STOAUD
478,MATH,STOAUD
478,MATH,STOAUD
359,CHEM,STOAUD
359,CHEM,STOAUD
359,CHEM,STOAUD
478,MATH,STOAUD
478,MATH,STOAUD
328,HIST,STOAUD
359,CHEM,STOAUD
359,CHEM,STOAUD
359,CHEM,STOAUD
359,CHEM,STOAUD
359,CHEM,STOAUD
328,HIST,STOAUD
328,HIST,STOAUD
478,MATH,STOAUD
359,CHEM,STOAUD
478,MATH,STOAUD
359,CHEM,STOAUD
359,CHEM,STOAUD
359,CHEM,STOAUD
359,CHEM,STOAUD
328,HIST,STOAUD
359,CHEM,STOAUD
478,MATH,STOAUD
359,CHEM,STOAUD
328,HIST,STOAUD
359,CHEM,STOAUD
328,HIST,STOAUD
478,MATH,STOAUD
328,HIST,STOAUD
328,HIST,STOAUD
328,HIST,STOAUD
359,CHEM,STOAUD
328,HIST,STOAUD
478,MATH,STOAUD
359,CHEM,STOAUD
359,CHEM,STOAUD
328,HIST,STOAUD
359,CHEM,STOAUD
359,CHEM,STOAUD
478,MATH,STOAUD
478,MATH,STOAUD
328,HIST,STOAUD
359,CHEM,STOAUD
359,CHEM,STOAUD
478,MATH,STOAUD
359,CHEM,STOAUD
359,CHEM,STOAUD
328,HIST,STOAUD
359,CHEM,STOAUD
359,CHEM,STOAUD
328,HIST,STOAUD
478,MATH,STOAUD
359,CHEM,STOAUD
359,CHEM,STOAUD
328,HIST,STOAUD
359,CHEM,STOAUD
359,CHEM,STOAUD
478,MATH,STOAUD
478,MATH,STOAUD
359,CHEM,STOAUD
328,HIST,STOAUD
359,CHEM,STOAUD
359,CHEM,STOAUD
328,HIST,STOAUD
359,CHEM,STOAUD
359,CHEM,STOAUD
359,CHEM,STOAUD
478,MATH,STOAUD
359,CHEM,STOAUD
359,CHEM,STOAUD
359,CHEM,STOAUD
359,CHEM,STOAUD
359,CHEM,STOAUD
359,CHEM,STOAUD
359,CHEM,STOAUD
328,HIST,STOAUD
478,MATH,STOAUD
478,MATH,STOAUD
478,MATH,STOAUD
359,CHEM,STOAUD
478,MATH,STOAUD
359,CHEM,STOAUD
359,CHEM,STOAUD
328,HIST,STOAUD
328,HIST,STOAUD
359,CHEM,STOAUD
359,CHEM,STOAUD
478,MATH,STOAUD
478,MATH,STOAUD
359,CHEM,STOAUD
359,CHEM,STOAUD
359,CHEM,STOAUD
328,HIST,STOAUD
359,CHEM,STOAUD
328,HIST,STOAUD
359,CHEM,STOAUD
359,CHEM,STOAUD
359,CHEM,STOAUD
359,CHEM,STOAUD
478,MATH,STOAUD
478,MATH,STOAUD
359,CHEM,STOAUD
478,MATH,STOAUD
328,HIST,STOAUD
359,CHEM,STOAUD
359,CHEM,STOAUD
359,CHEM,STOAUD
478,MATH,STOAUD
328,HIST,STOAUD
359,CHEM,STOAUD
478,MATH,STOAUD
359,CHEM,STOAUD
359,CHEM,STOAUD
478,MATH,STOAUD
359,CHEM,STOAUD
328,HIST,STOAUD
359,CHEM,STOAUD
328,HIST,STOAUD
359,CHEM,STOAUD
328,HIST,STOAUD
359,CHEM,STOAUD
478,MATH,STOAUD
478,MATH,STOAUD
478,MATH,STOAUD
478,MATH,STOAUD
328,HIST,STOAUD
328,HIST,STOAUD
328,HIST,STOAUD
478,MATH,STOAUD
359,CHEM,STOAUD
328,HIST,STOAUD
478,MATH,STOAUD
359,CHEM,STOAUD
359,CHEM,STOAUD
359,CHEM,STOAUD
359,CHEM,STOAUD
359,CHEM,STOAUD
328,HIST,STOAUD
478,MATH,STOAUD
359,CHEM,STOAUD
359,CHEM,STOAUD
359,CHEM,STOAUD
359,CHEM,STOAUD
328,HIST,STOAUD
359,CHEM,STOAUD
478,MATH,STOAUD
359,CHEM,STOAUD
359,CHEM,STOAUD
359,CHEM,STOAUD
328,HIST,STOAUD
328,HIST,STOAUD
478,MATH,STOAUD
328,HIST,STOAUD
359,CHEM,STOAUD
478,MATH,STOAUD
328,HIST,STOAUD
478,MATH,STOAUD
359,CHEM,STOAUD
328,HIST,STOAUD
328,HIST,STOAUD
359,CHEM,STOAUD
359,CHEM,STOAUD
359,CHEM,STOAUD
359,CHEM,STOAUD
328,HIST,STOAUD
478,MATH,STOAUD
359,CHEM,STOAUD
359,CHEM,STOAUD
478,MATH,STOAUD
359,CHEM,STOAUD
297,FREN,TAYD
297,FREN,TAYD
297,FREN,TAYD
297,FREN,TAYD
3,MUSC,UN111
3,MUSC,UN111
3,MUSC,UN111
3,MUSC,UN111
3,MUSC,UN111
319,MUSC,UN114
532,MUSC,UN114
319,MUSC,UN114
462,MUSC,UN114
462,MUSC,UN114
532,MUSC,UN114
462,MUSC,UN114
462,MUSC,UN114
462,MUSC,UN114
462,MUSC,UN114
319,MUSC,UN114
319,MUSC,UN114
462,MUSC,UN114
319,MUSC,UN114
319,MUSC,UN114
532,MUSC,UN114
319,MUSC,UN114
319,MUSC,UN114
319,MUSC,UN114
462,MUSC,UN114
532,MUSC,UN114
462,MUSC,UN114
532,MUSC,UN114
462,MUSC,UN114
319,MUSC,UN114
319,MUSC,UN114
319,MUSC,UN114
462,MUSC,UN114
532,MUSC,UN114
532,MUSC,UN114
319,MUSC,UN114
319,MUSC,UN114
462,MUSC,UN114
319,MUSC,UN114
714,ENGL,WDS
483,ENGL,WDS
714,ENGL,WDS
163,ENGL,WDS
714,ENGL,WDS
714,ENGL,WDS
163,ENGL,WDS
163,ENGL,WDS
163,ENGL,WDS
557,RELG,WDS
746,ENGL,WDS
163,ENGL,WDS
704,WRPR,WDS
714,ENGL,WDS
746,ENGL,WDS
746,ENGL,WDS
714,ENGL,WDS
433,ENGL,WDS
704,ENGL,WDS
163,ENGL,WDS
483,ENGL,WDS
714,ENGL,WDS
163,ENGL,WDS
433,ENGL,WDS
714,ENGL,WDS
557,RELG,WDS
433,ENGL,WDS
163,ENGL,WDS
714,ENGL,WDS
714,ENGL,WDS
746,ENGL,WDS
163,ENGL,WDS
163,ENGL,WDS
433,ENGL,WDS
704,WRPR,WDS
704,WRPR,WDS
163,ENGL,WDS
163,ENGL,WDS
746,ENGL,WDS
746,ENGL,WDS
433,ENGL,WDS
704,WRPR,WDS
746,ENGL,WDS
714,ENGL,WDS
557,RELG,WDS
714,ENGL,WDS
163,ENGL,WDS
163,ENGL,WDS
714,ENGL,WDS
433,ENGL,WDS
163,ENGL,WDS
746,ENGL,WDS
433,ENGL,WDS
557,RELG,WDS
714,ENGL,WDS
557,RELG,WDS
163,ENGL,WDS
433,ENGL,WDS
163,ENGL,WDS
433,ENGL,WDS
433,ENGL,WDS
704,WRPR,WDS
163,ENGL,WDS
746,ENGL,WDS
557,RELG,WDS
163,ENGL,WDS
714,ENGL,WDS
483,ENGL,WDS
714,ENGL,WDS
714,ENGL,WDS
163,ENGL,WDS
163,ENGL,WDS
714,ENGL,WDS
714,ENGL,WDS
714,ENGL,WDS
163,ENGL,WDS
704,WRPR,WDS
433,ENGL,WDS
714,ENGL,WDS
714,ENGL,WDS
714,ENGL,WDS
557,RELG,WDS
483,ENGL,WDS
433,ENGL,WDS
483,ENGL,WDS
163,ENGL,WDS
746,ENGL,WDS
433,ENGL,WDS
163,ENGL,WDS
483,ENGL,WDS
714,ENGL,WDS
557,RELG,WDS
704,WRPR,WDS
704,WRPR,WDS
714,ENGL,WDS
714,ENGL,WDS
433,ENGL,WDS
557,RELG,WDS
163,ENGL,WDS
714,ENGL,WDS
714,ENGL,WDS
483,ENGL,WDS
163,ENGL,WDS
163,ENGL,WDS
163,ENGL,WDS
557,RELG,WDS
714,ENGL,WDS
704,WRPR,WDS
163,ENGL,WDS
714,ENGL,WDS
163,ENGL,WDS
704,WRPR,WDS
714,ENGL,WDS
714,ENGL,WDS
714,ENGL,WDS
704,WRPR,WDS
433,ENGL,WDS
746,ENGL,WDS
163,ENGL,WDS
746,ENGL,WDS